ActionsFound,ChangeOfPace,Path
C|D,0,B1-nT_Moe_1.mov
None,0,B1-nT_Moe_2.mov
SM|JS,1,B1-nT_Moe_3.mov
JS,0,B1-nT_Moe_4.mov
D,0,B15h8Cful_1.mov
C|JS,1,B15h8Cful_10.mov
C|D|L,1,B15h8Cful_11.mov
JS,0,B15h8Cful_12.mov
C|SM|D|L,1,B15h8Cful_13.mov
,,B15h8Cful_14.mov
,,B15h8Cful_15.mov
JS,0,B15h8Cful_16.mov
JS,0,B15h8Cful_17.mov
JS,0,B15h8Cful_18.mov
C|D|L,1,B15h8Cful_19.mov
D|L,1,B15h8Cful_2.mov
JS,0,B15h8Cful_3.mov
D|L,0,B15h8Cful_4.mov
BTB|JS,1,B15h8Cful_5.mov
D|L,1,B15h8Cful_6.mov
,,B15h8Cful_7.mov
,,B15h8Cful_8.mov
BTL|JS,0,B15h8Cful_9.mov
C|D|L|JS,1,B1FkH-xcg_1.mov
BTL,0,B1FkH-xcg_10.mov
BTL|BTL|JS,0,B1FkH-xcg_2.mov
None,0,B1FkH-xcg_3.mov
C|C|D|L,1,B1FkH-xcg_4.mov
C|D|L,1,B1FkH-xcg_5.mov
C|D|L,1,B1FkH-xcg_6.mov
L,0,B1FkH-xcg_7.mov
BTL|D,0,B1FkH-xcg_8.mov
None,0,B1FkH-xcg_9.mov
D|SM,0,B1gfTYGjl_1.mov
JS,0,B1gfTYGjl_2.mov
BTL|BTL|JS,0,B1gfTYGjl_3.mov
D|L,1,B1gfTYGjl_4.mov
JS,0,B1gfTYGjl_5.mov
JS,0,B1gfTYGjl_6.mov
BTL|BTL|JS,0,B1gfTYGjl_7.mov
C|D|L,1,B1gfTYGjl_8.mov
BTL|BTL|D|L,1,B1JakYfol_1.mov
D|L,1,B1JakYfol_10.mov
JS,0,B1JakYfol_11.mov
JS,0,B1JakYfol_12.mov
D|L,1,B1JakYfol_13.mov
BTL|D|L,1,B1JakYfol_14.mov
BTB|BTL|D,0,B1JakYfol_2.mov
BTL|BTB|C|BTB|JS,1,B1JakYfol_3.mov
JS,0,B1JakYfol_4.mov
C|D|L,1,B1JakYfol_5.mov
BTB|BTB|JS,0,B1JakYfol_6.mov
BTL|D|L,1,B1JakYfol_7.mov
None,0,B1JakYfol_8.mov
BTB|BTL|D|L,1,B1JakYfol_9.mov
None,0,B1n32Zx9g_1.mov
JS,0,B1n32Zx9g_2.mov
BTL|BTB,0,B1n32Zx9g_3.mov
BTL|JS,0,B1n32Zx9g_4.mov
BTL|D|L,0,B1n32Zx9g_5.mov
BTL|BTL|BTL|SM|JS,0,B1nPuzeqe_1.mov
D|L,1,B1nPuzeqe_2.mov
BTL|BTL|BTL|C|JS,0,B1nPuzeqe_3.mov
BTL|BTL|BTB|BTL|D|L,1,B1RBJbgcg_1.mov
BTL|C|JS,1,B1RBJbgcg_10.mov
BTL|BTL|C|D,1,B1RBJbgcg_11.mov
BTL|BTL|C|JS,0,B1RBJbgcg_12.mov
D,0,B1RBJbgcg_13.mov
,,B1RBJbgcg_14.mov
,,B1RBJbgcg_15.mov
,,B1RBJbgcg_16.mov
, NA,B1RBJbgcg_17.mov
BTL|BTL|BTB|JS,0,B1RBJbgcg_18.mov
None,0,B1RBJbgcg_19.mov
BTL|BTB|SM,0,B1RBJbgcg_2.mov
D|L,0,B1RBJbgcg_20.mov
C|D|L,1,B1RBJbgcg_3.mov
BTL|BTL|BTL|BTL|BTL|BTB|JS,1,B1RBJbgcg_4.mov
JS,0,B1RBJbgcg_5.mov
JS,0,B1RBJbgcg_6.mov
JS,0,B1RBJbgcg_7.mov
D,0,B1RBJbgcg_8.mov
,,B1RBJbgcg_9.mov
JS,0,B1wnhYfjx_1.mov
JS,0,B1wnhYfjx_2.mov
JS,0,B1wnhYfjx_3.mov
JS,0,B1wnhYfjx_4.mov
D|L,1,B1wnhYfjx_5.mov
BTL|BTL|SM|JS,0,B1yOOzg9x_1.mov
C|D|L,0,B1yOOzg9x_2.mov
BTL|C|JS,0,B1yOOzg9x_3.mov
C|D|L,1,BJ_O-BKce_1.mov
D|L,0,BJ_O-BKce_2.mov
D|L,0,BJ_O-BKce_3.mov
D|C,1,BJ_O-BKce_4.mov
D,0,BJ_O-BKce_5.mov
JS,0,BJ_O-BKce_6.mov
D|L|JS,0,BJ_O-BKce_7.mov
JS,0,BJ2mWGx9g_1.mov
D|L|JS,1,BJ2mWGx9g_10.mov
BTL|C|D|L,1,BJ2mWGx9g_11.mov
,,BJ2mWGx9g_2.mov
D|L,0,BJ2mWGx9g_3.mov
JS,0,BJ2mWGx9g_4.mov
SM|D|L,1,BJ2mWGx9g_5.mov
None,0,BJ2mWGx9g_6.mov
C|D|L,0,BJ2mWGx9g_7.mov
JS,0,BJ2mWGx9g_8.mov
D,0,BJ2mWGx9g_9.mov
BTL|D|L,1,BJ8MfKMse_1.mov
BTB|BTL|C|BTL|BTB|C|D,0,BJ8MfKMse_2.mov
BTL|D|SM|JS,1,BJ8MfKMse_3.mov
BTL|C|JS,0,BJ8MfKMse_4.mov
BTL|C|C|C|JS,0,BJ8MfKMse_5.mov
D|L,1,BJhqRNK9l_1.mov
D|JS,0,BJhqRNK9l_10.mov
JS,0,BJhqRNK9l_11.mov
,,BJhqRNK9l_12.mov
SM|JS,0,BJhqRNK9l_13.mov
D|L,1,BJhqRNK9l_14.mov
SM|JS,0,BJhqRNK9l_2.mov
C|JS,0,BJhqRNK9l_3.mov
C|D|L,0,BJhqRNK9l_4.mov
BTL|JS,0,BJhqRNK9l_5.mov
D|D|JS,0,BJhqRNK9l_6.mov
BTL|D|JS,0,BJhqRNK9l_7.mov
BTL|D|JS,0,BJhqRNK9l_8.mov
None,0,BJhqRNK9l_9.mov
JS,0,BJJRi-g5x_1.mov
BTL|BTL|BTL|BTL|BTL|JS,0,BJJRi-g5x_2.mov
D|BTL|JS,1,BJJRi-g5x_3.mov
JS,0,BJJRi-g5x_4.mov
BTL|C|JS,0,BJJRi-g5x_5.mov
None,0,BJkALdzsg_1.mov
,,BJkALdzsg_10.mov
JS,0,BJkALdzsg_11.mov
D|L,1,BJkALdzsg_12.mov
D|L,1,BJkALdzsg_13.mov
JS,0,BJkALdzsg_14.mov
BTL|BTB|BTL|BTB|JS,0,BJkALdzsg_15.mov
JS,0,BJkALdzsg_16.mov
BTL|C|JS,1,BJkALdzsg_2.mov
BTL|C|JS,1,BJkALdzsg_3.mov
JS,0,BJkALdzsg_4.mov
JS,0,BJkALdzsg_5.mov
L,0,BJkALdzsg_6.mov
JS|JS,0,BJkALdzsg_7.mov
D|SM|JS,0,BJkALdzsg_8.mov
,,BJkALdzsg_9.mov
,,BJkWYnYOe_1.mov
,,BJkWYnYOe_2.mov
,,BJkWYnYOe_3.mov
,,BJkWYnYOe_4.mov
,,BJkWYnYOe_5.mov
,,BJkWYnYOe_6.mov
,,BJkWYnYOe_7.mov
,,BJkWYnYOe_8.mov
,,BJkWYnYOe_9.mov
BTL|C|BTL|C|BTL|BTB|JS,0,BJprs_fil_1.mov
JS,0,BJprs_fil_10.mov
JS,0,BJprs_fil_11.mov
JS,0,BJprs_fil_12.mov
L|JS,0,BJprs_fil_13.mov
BTL|BTL|BTL|JS,0,BJprs_fil_14.mov
BTL|BTL|BTB|JS|JS,0,BJprs_fil_15.mov
JS,0,BJprs_fil_16.mov
JS,0,BJprs_fil_2.mov
JS,0,BJprs_fil_3.mov
JS,0,BJprs_fil_4.mov
BTL|BTL|JS,0,BJprs_fil_5.mov
D|SM|L,1,BJprs_fil_6.mov
D|SM|L,1,BJprs_fil_7.mov
BTB|BTL|BTB|JS|L,0,BJprs_fil_8.mov
BTL|C|BTL,0,BJprs_fil_9.mov
,,BJsBp7A3x_1.mov
,,BJsBp7A3x_2.mov
,,BJsBp7A3x_3.mov
BTL|BTL|BTL|BTL|JS,0,BJT7Dbx5x_1.mov
BTL|JS,0,BJT7Dbx5x_2.mov
BTL|D|L,0,BJT7Dbx5x_3.mov
BTL|BTL|C|L,0,BJT7Dbx5x_4.mov
D|L,0,BJT7Dbx5x_5.mov
C|D|L|JS|JS,0,BJT7Dbx5x_6.mov
C|D|L,0,BJT7Dbx5x_7.mov
C|D|JS,0,BJTaDzeqx_1.mov
D|L,0,BJTaDzeqx_10.mov
BTL|C|BTL|C|JS,0,BJTaDzeqx_11.mov
JS,0,BJTaDzeqx_12.mov
,,BJTaDzeqx_2.mov
,,BJTaDzeqx_3.mov
BTL|BTL|BTB|JS,0,BJTaDzeqx_4.mov
BTL|BTL|BTB|D|JS,1,BJTaDzeqx_5.mov
D|L,1,BJTaDzeqx_6.mov
JS,0,BJTaDzeqx_7.mov
JS,0,BJTaDzeqx_8.mov
JS,0,BJTaDzeqx_9.mov
C|C,0,BJuC0ge9x_1.mov
BTL|JS,0,BJuC0ge9x_2.mov
JS,0,BJuC0ge9x_3.mov
D|L,0,BJuC0ge9x_4.mov
C|C|JS,0,BJuC0ge9x_5.mov
D|C|JS,0,BJuC0ge9x_6.mov
C|D|L,1,BJuC0ge9x_7.mov
C|JS,1,BJuC0ge9x_8.mov
BTL|BTB|JS,0,BJuC0ge9x_9.mov
BTL|BTB|BTL|BTL|BTB|JS,0,BJUZ9lBnx_1.mp4
JS,0,BJUZ9lBnx_2.mp4
JS,0,BJUZ9lBnx_3.mp4
C|JS,0,BJUZ9lBnx_4.mp4
JS,1,BJUZ9lBnx_5.mp4
BTB|JS|SM,0,BJUZ9lBnx_6.mp4
BTL|C|JS,0,BJUZ9lBnx_7.mp4
C|D|L,1,BJyYYeBnl_1.mp4
D|L|JS,0,BJyYYeBnl_10.mp4
BTL|BTB|JS|D,0,BJyYYeBnl_2.mp4
D|JS,0,BJyYYeBnl_3.mp4
JS|D|L,0,BJyYYeBnl_4.mp4
C|BTL|BTB|JS,0,BJyYYeBnl_5.mp4
D|L,0,BJyYYeBnl_6.mp4
C|D|L,1,BJyYYeBnl_7.mp4
JS,0,BJyYYeBnl_8.mp4
JS,0,BJyYYeBnl_9.mp4
BTL|BTL|BTB|JS,0,Bk_vUbecx_1.mov
BTL|JS,0,Bk_vUbecx_2.mov
BTL|D|JS|JS,0,Bk_vUbecx_3.mov
BTL|BTB|BTL|SM|JS,0,Bk_vUbecx_4.mov
BTL|C|D|L|JS,0,Bk_vUbecx_5.mov
BTL|C|D|L,0,Bk_vUbecx_6.mov
BTL|BTL|BTL|D|L|L|JS,1,Bk_vUbecx_7.mov
JS,0,Bk_vUbecx_8.mov
JS,0,BkgfzMlqg_1.mov
BTL|D|JS,0,BkgfzMlqg_10.mov
BTL|D|JS,0,BkgfzMlqg_11.mov
JS,0,BkgfzMlqg_12.mov
D|L,0,BkgfzMlqg_13.mov
BTL|BTB|JS,0,BkgfzMlqg_14.mov
JS,0,BkgfzMlqg_15.mov
C|JS,0,BkgfzMlqg_16.mov
BTL|D|BTB|L,1,BkgfzMlqg_17.mov
JS,0,BkgfzMlqg_18.mov
D|JS|D|L,0,BkgfzMlqg_19.mov
JS,0,BkgfzMlqg_2.mov
JS,0,BkgfzMlqg_20.mov
JS|JS,0,BkgfzMlqg_21.mov
JS,0,BkgfzMlqg_22.mov
C|D|L,0,BkgfzMlqg_3.mov
BTL|C|JS,0,BkgfzMlqg_4.mov
D|L,0,BkgfzMlqg_5.mov
SM|JS,0,BkgfzMlqg_6.mov
JS,0,BkgfzMlqg_7.mov
C|BTL|JS,0,BkgfzMlqg_8.mov
BTL|BTL|SM|L,0,BkgfzMlqg_9.mov
JS,0,BkgGMzl9g_1.mov
BTL|D|JS,1,BkgGMzl9g_10.mov
BTL|BTL|D|JS,0,BkgGMzl9g_11.mov
JS,0,BkgGMzl9g_12.mov
D|JS,0,BkgGMzl9g_13.mov
BTL|BTB|JS,0,BkgGMzl9g_14.mov
JS,0,BkgGMzl9g_15.mov
C|JS,0,BkgGMzl9g_16.mov
BTL|C|D|L,0,BkgGMzl9g_17.mov
JS,0,BkgGMzl9g_18.mov
D|JS|D|L,0,BkgGMzl9g_19.mov
JS,0,BkgGMzl9g_2.mov
JS,0,BkgGMzl9g_20.mov
JS|JS,0,BkgGMzl9g_21.mov
JS,0,BkgGMzl9g_22.mov
C|D|L,0,BkgGMzl9g_3.mov
BTL|C|JS,0,BkgGMzl9g_4.mov
D|L,0,BkgGMzl9g_5.mov
SM|L,0,BkgGMzl9g_6.mov
JS,0,BkgGMzl9g_7.mov
BTL|JS,0,BkgGMzl9g_8.mov
BTL|BTL|SM|L,0,BkgGMzl9g_9.mov
JS,0,BkgQskS3e_1.mp4
JS,0,BkgQskS3e_2.mp4
C|JS,0,BkgQskS3e_3.mp4
JS,0,BkgQskS3e_4.mp4
JS,0,BkgQskS3e_5.mp4
JS,0,Bkh9Efx5l_1.mov
D|L,0,Bkh9Efx5l_10.mov
JS,0,Bkh9Efx5l_11.mov
JS,0,Bkh9Efx5l_12.mov
SM|JS,0,Bkh9Efx5l_13.mov
JS,0,Bkh9Efx5l_14.mov
BTL|BTL|D|L,1,Bkh9Efx5l_15.mov
JS,0,Bkh9Efx5l_2.mov
D|L,0,Bkh9Efx5l_3.mov
JS,0,Bkh9Efx5l_4.mov
JS,0,Bkh9Efx5l_5.mov
D|L,1,Bkh9Efx5l_6.mov
NONE,NONE,Bkh9Efx5l_7.mov
D|JS,0,Bkh9Efx5l_8.mov
D|L,0,Bkh9Efx5l_9.mov
C|D|L,0,BkI4QWecl_1.mov
BTL|BTL|D|SM|JS,0,BkI4QWecl_2.mov
D|L,0,BkI4QWecl_3.mov
C|JS,0,BkI4QWecl_4.mov
D|JS,0,BkI4QWecl_5.mov
NONE,NONE,BkI4QWecl_6.mov
SM|D|L,0,BkI4QWecl_7.mov
SM|JS,0,BkI4QWecl_8.mov
JS,0,BkI4QWecl_9.mov
JS,0,BkITP-e9e_1.mov
D|L,0,BkITP-e9e_10.mov
NONE,NONE,BkITP-e9e_11.mov
NONE,NONE,BkITP-e9e_12.mov
JS,0,BkITP-e9e_13.mov
BTL|C|JS|D,0,BkITP-e9e_14.mov
BTB|BTL|BTL|JS,0,BkITP-e9e_15.mov
JS,0,BkITP-e9e_16.mov
C|JS,0,BkITP-e9e_17.mov
D|SM|JS,0,BkITP-e9e_18.mov
JS,0,BkITP-e9e_19.mov
D|SM|JS,0,BkITP-e9e_2.mov
BTL|C|SM|JS,0,BkITP-e9e_20.mov
BTL|C|D|L,0,BkITP-e9e_21.mov
JS,0,BkITP-e9e_22.mov
C|JS|JS,1,BkITP-e9e_23.mov
BTL|BTL|SM|JS|JS,0,BkITP-e9e_3.mov
JS,0,BkITP-e9e_4.mov
JS,0,BkITP-e9e_5.mov
D|JS,0,BkITP-e9e_6.mov
C|BTB|JS,0,BkITP-e9e_7.mov
JS,0,BkITP-e9e_8.mov
D|JS,0,BkITP-e9e_9.mov
C|D|L,0,BkjTXZe5e_1.mov
BTB|SM|L,0,BkjTXZe5e_2.mov
BTL|C|JS,0,BkjTXZe5e_3.mov
SM|HS|L,0,BkjTXZe5e_4.mov
JS,0,BkjTXZe5e_5.mov
C|JS,0,BkjTXZe5e_6.mov
JS,0,BkjTXZe5e_7.mov
D|L,0,BkjTXZe5e_8.mov
C|D|L,0,BkmlHZl9e_1.mov
BTL|D,0,BkmlHZl9e_10.mov
L,0,BkmlHZl9e_11.mov
BTL|SM|JS,0,BkmlHZl9e_12.mov
NONE,NONE,BkmlHZl9e_2.mov
JS,0,BkmlHZl9e_3.mov
BTL|BTL|JS,0,BkmlHZl9e_4.mov
D,0,BkmlHZl9e_5.mov
 C|C|D|L,0,BkmlHZl9e_6.mov
C|D|L,0,BkmlHZl9e_7.mov
C|D|L,0,BkmlHZl9e_8.mov
D|JS,0,BkmlHZl9e_9.mov
JS|SM|L,0,Bkq8VWe9e_1.mov
C|JS,0,Bkq8VWe9e_2.mov
C|JS|JS,0,Bkq8VWe9e_3.mov
C|D|L,0,Bkq8VWe9e_4.mov
BTL|D|L|HS,0,Bkq8VWe9e_5.mov
C|D|JS|JS,0,Bkq8VWe9e_6.mov
D|L,0,Bkr292zug_1.mov
D|C|JS,0,Bkr292zug_10.mov
D|L,0,Bkr292zug_11.mov
JS,0,Bkr292zug_12.mov
C|L,0,Bkr292zug_13.mov
JS,0,Bkr292zug_14.mov
C|JS,0,Bkr292zug_15.mov
JS,0,Bkr292zug_16.mov
C|D|JS,0,Bkr292zug_17.mov
BTL|JS,0,Bkr292zug_18.mov
BTL|C|D|JS,0,Bkr292zug_19.mov
C|JS,0,Bkr292zug_2.mov
D|BTB|BTL,0,Bkr292zug_20.mov
,,Bkr292zug_21.mov
JS,0,Bkr292zug_22.mov
JS,0,Bkr292zug_3.mov
C|C|JS,0,Bkr292zug_4.mov
L,0,Bkr292zug_5.mov
C|D|L,0,Bkr292zug_6.mov
BTL|C|JS,0,Bkr292zug_7.mov
JS,0,Bkr292zug_8.mov
JS,0,Bkr292zug_9.mov
JS,0,BkSAueB2x_1.mp4
BTL|SM|L,0,BkSAueB2x_10.mp4
C|JS,0,BkSAueB2x_11.mp4
C|C|JS,0,BkSAueB2x_12.mp4
BTL|C|D|L,0,BkSAueB2x_2.mp4
JS,0,BkSAueB2x_3.mp4
C|D|C|JS,1,BkSAueB2x_4.mp4
BTL|C|JS,0,BkSAueB2x_5.mp4
SM|JS,0,BkSAueB2x_6.mp4
D|JS,0,BkSAueB2x_7.mp4
D|L,0,BkSAueB2x_8.mp4
JS,0,BkSAueB2x_9.mp4
BTL|BTB|BTL|D|L,0,BkVFJ-lcl_1.mov
BTB|BTL|C|JS,0,BkVFJ-lcl_10.mov
,,BkVFJ-lcl_11.mov
,,BkVFJ-lcl_12.mov
JS,0,BkVFJ-lcl_13.mov
BTL|BTL|C|JS,0,BkVFJ-lcl_14.mov
D|L,0,BkVFJ-lcl_15.mov
NONE,NONE,BkVFJ-lcl_16.mov
JS,0,BkVFJ-lcl_17.mov
JS,0,BkVFJ-lcl_18.mov
D|L,0,BkVFJ-lcl_19.mov
BTL|BTB|BTL|D|SM|L,0,BkVFJ-lcl_2.mov
BTL|BTB|BTL|JS,0,BkVFJ-lcl_20.mov
JS,0,BkVFJ-lcl_21.mov
D|L,0,BkVFJ-lcl_22.mov
C|D|L,0,BkVFJ-lcl_3.mov
BTL|BTL|BTL|BTL|C|SM|JS,0,BkVFJ-lcl_4.mov
JS,0,BkVFJ-lcl_5.mov
JS,0,BkVFJ-lcl_6.mov
JS,0,BkVFJ-lcl_7.mov
D|L,0,BkVFJ-lcl_8.mov
BTB,0,BkVFJ-lcl_9.mov
D|JS|L|L,0,BkxG3BK5l_1.mov
BTL|BTB|L|JS,0,BkxG3BK5l_2.mov
BTL|C,0,BkxG3BK5l_3.mov
JS,0,BkxG3BK5l_4.mov
D|L|SM|JS,0,BkxG3BK5l_5.mov
JS,0,BkxG3BK5l_6.mov
D|JS,0,BkxG3BK5l_7.mov
BTL|BTB|BTL|D|L,1,BkxteFzjg_1.mov
D|L,0,BkxteFzjg_2.mov
BTL|BTL|C|D|JS,0,BkxteFzjg_3.mov
BTB|BTL|BTL|JS,1,BkxteFzjg_4.mov
BTL|C|C|BTB|JS,0,BkxteFzjg_5.mov
JS,0,BkxteFzjg_6.mov
BTL|BTB|C|BTB|JS,1,BkxteFzjg_7.mov
D|JS,0,BkZF9eShe_1.mp4
D|L,0,BkZF9eShe_2.mp4
BTL|D|JS,1,BkZF9eShe_3.mp4
D|L,0,BkZF9eShe_4.mp4
D|L,0,BkZF9eShe_5.mp4
JS|JS,0,BkZF9eShe_6.mp4
D|L,0,BkZF9eShe_7.mp4
D|JS,0,By_QarF5l_1.mov
JS,0,By_QarF5l_10.mov
BTL|C,0,By_QarF5l_11.mov
D|L,0,By_QarF5l_12.mov
BTL|BTB|C|JS|JS,0,By_QarF5l_13.mov
D|L,0,By_QarF5l_14.mov
D|JS|D|C|JS,0,By_QarF5l_2.mov
JS,0,By_QarF5l_3.mov
D|JS,0,By_QarF5l_4.mov
JS|JS|D|C|JS,0,By_QarF5l_5.mov
L|JS,0,By_QarF5l_6.mov
BTL|BTB|BTL|D|L,1,By_QarF5l_7.mov
JS|L|D|L,0,By_QarF5l_8.mov
L,0,By_QarF5l_9.mov
JS,0,ByAQwGg5l_1.mov
D|L,0,ByAQwGg5l_10.mov
C|BTB|JS,0,ByAQwGg5l_11.mov
JS,0,ByAQwGg5l_12.mov
C|C|JS,0,ByAQwGg5l_13.mov
JS,0,ByAQwGg5l_2.mov
BTL|BTL|JS,0,ByAQwGg5l_3.mov
BTL|BTL|BTL|JS,0,ByAQwGg5l_4.mov
JS,0,ByAQwGg5l_5.mov
BTL|D|SM|JS,1,ByAQwGg5l_6.mov
BTL|BTB|JS,0,ByAQwGg5l_7.mov
BTL|C|JS,0,ByAQwGg5l_8.mov
JS,0,ByAQwGg5l_9.mov
BTL|C|D|JS,0,ByfY6YMsg_1.mov
JS,0,ByfY6YMsg_2.mov
JS,0,ByfY6YMsg_3.mov
SM|JS,0,ByfY6YMsg_4.mov
JS,0,ByfY6YMsg_5.mov
D|JS,0,ByfY6YMsg_6.mov
D|JS,0,ByfY6YMsg_7.mov
JS,0,ByH2W-gqe_1.mov
,,ByH2W-gqe_2.mov
,,ByH2W-gqe_3.mov
,,ByH2W-gqe_4.mov
D|L,0,ByH2W-gqe_5.mov
D|L,0,ByH2W-gqe_6.mov
BTL|BTL|D|L,0,ByH2W-gqe_7.mov
BTL|BTL|BTL|BTL|BTL,0,ByOMMWg5e_1.mov
D|L,0,ByOMMWg5e_10.mov
,,ByOMMWg5e_2.mov
,,ByOMMWg5e_3.mov
D|L,0,ByOMMWg5e_4.mov
,,ByOMMWg5e_5.mov
,,ByOMMWg5e_6.mov
JS,0,ByOMMWg5e_7.mov
D|L,0,ByOMMWg5e_8.mov
D|L,0,ByOMMWg5e_9.mov
BTB|JS,0,ByRK9-ece_1.mov
JS,0,ByRK9-ece_2.mov
JS,0,ByRK9-ece_3.mov
C|D|L,1,ByRK9-ece_4.mov
JS,0,ByRK9-ece_5.mov
JS,0,ByRK9-ece_6.mov
JS,0,ByRK9-ece_7.mov
L|L,0,ByRK9-ece_8.mov
BTB|BTL|BTL|BTL|L,0,ByRK9-ece_9.mov
BTL|SM|D|JS,0,HJ5cSblce_1.mov
D|L,0,HJ5cSblce_10.mov
JS,0,HJ5cSblce_11.mov
SM|JS,0,HJ5cSblce_12.mov
BTL|C|D|L,0,HJ5cSblce_13.mov
BTL|D|JS,0,HJ5cSblce_14.mov
D|L,1,HJ5cSblce_15.mov
BTL|BTB|JS,0,HJ5cSblce_2.mov
NONE,NONE,HJ5cSblce_3.mov
D|L,0,HJ5cSblce_4.mov
BTB|SM|JS,0,HJ5cSblce_5.mov
BTL|BTB|JS,0,HJ5cSblce_6.mov
D|L,0,HJ5cSblce_7.mov
BTL|BTL|D|L,0,HJ5cSblce_8.mov
,,HJ5cSblce_9.mov
D|JS|JS,0,H17yNdzog_1.mov
BTL|JS,0,H17yNdzog_2.mov
C|D|JS|JS,0,H17yNdzog_3.mov
JS,0,H17yNdzog_4.mov
JS,0,H17yNdzog_5.mov
JS,0,H17yNdzog_6.mov
D|JS,0,H17yNdzog_7.mov
BTL|BTL|JS,0,H1ampbe5e_1.mov
NONE,NONE,H1ampbe5e_10.mov
BTL|D|L,0,H1ampbe5e_11.mov
BTL|JS,0,H1ampbe5e_12.mov
NONE,NONE,H1ampbe5e_13.mov
NONE,NONE,H1ampbe5e_14.mov
JS,0,H1ampbe5e_15.mov
BTL|L|L,0,H1ampbe5e_16.mov
NONE,NONE,H1ampbe5e_17.mov
JS,0,H1ampbe5e_18.mov
JS,0,H1ampbe5e_19.mov
JS,0,H1ampbe5e_2.mov
,,H1ampbe5e_20.mov
JS,0,H1ampbe5e_21.mov
NONE,NONE,H1ampbe5e_22.mov
BTL|BTB|SM|JS,0,H1ampbe5e_23.mov
BTB|BTB|BTL|D|L,0,H1ampbe5e_3.mov
JS,0,H1ampbe5e_4.mov
BTL|BTL|BTL|JS|BTL,0,H1ampbe5e_5.mov
JS,0,H1ampbe5e_6.mov
JS,0,H1ampbe5e_7.mov
NONE,NONE,H1ampbe5e_8.mov
JS,0,H1ampbe5e_9.mov
BTL|SM|JS,0,H1anWzx5x_1.mov
JS,0,H1anWzx5x_2.mov
JS,0,H1anWzx5x_3.mov
BTL|JS,0,H1anWzx5x_4.mov
JS,0,H1anWzx5x_5.mov
BTB|JS,0,H1AonBKcx_1.mov
D|JS,0,H1AonBKcx_2.mov
NONE,NONE,H1AonBKcx_3.mov
D|L,0,H1AonBKcx_4.mov
,,H1AonBKcx_5.mov
D|JS,0,H1AonBKcx_6.mov
D|JS|L,0,H1AonBKcx_7.mov
C|L,1,H1C9KuGsg_1.mov
SM|JS,0,H1C9KuGsg_2.mov
NONE,NONE,H1C9KuGsg_3.mov
JS,0,H1C9KuGsg_4.mov
C|L,0,H1C9KuGsg_5.mov
BTL|BTB|BTB|JS,1,H1F_gbx5g_1.mov
NONE,NONE,H1F_gbx5g_10.mov
JS,0,H1F_gbx5g_11.mov
BTL|BTL|BTL|JS,0,H1F_gbx5g_12.mov
,,H1F_gbx5g_13.mov
,,H1F_gbx5g_14.mov
D|JS,1,H1F_gbx5g_15.mov
JS,0,H1F_gbx5g_2.mov
BTL|BTL|C|D|L,1,H1F_gbx5g_3.mov
JS,0,H1F_gbx5g_4.mov
C|BTL|BTL|JS,0,H1F_gbx5g_5.mov
NONE,NONE,H1F_gbx5g_6.mov
JS,0,H1F_gbx5g_7.mov
NONE,NONE,H1F_gbx5g_8.mov
BTL|JS,0,H1F_gbx5g_9.mov
JS,0,H1ITPblcg_1.mov
D|L,0,H1ITPblcg_10.mov
NONE,NONE,H1ITPblcg_11.mov
NONE,NONE,H1ITPblcg_2.mov
BTL|BTL|SM|JS|JS,0,H1ITPblcg_3.mov
JS,0,H1ITPblcg_4.mov
JS,0,H1ITPblcg_5.mov
D|JS,0,H1ITPblcg_6.mov
BTB|JS,0,H1ITPblcg_7.mov
JS,0,H1ITPblcg_8.mov
NONE,NONE,H1ITPblcg_9.mov
JS,0,H1my8tMox_1.mov
BTL|JS,0,H1my8tMox_2.mov
JS,0,H1my8tMox_3.mov
JS,0,H1my8tMox_4.mov
JS,0,H1my8tMox_5.mov
BTL|D|L,1,H1NuerY9l_1.mov
D|L,0,H1NuerY9l_10.mov
SM|D|L,0,H1NuerY9l_11.mov
JS,0,H1NuerY9l_12.mov
NONE,NONE,H1NuerY9l_13.mov
BTL|JS,0,H1NuerY9l_14.mov
BTL|BTL|BTB|L,1,H1NuerY9l_15.mov
D|BTB|JS,0,H1NuerY9l_16.mov
JS,0,H1NuerY9l_17.mov
D|L|JS,0,H1NuerY9l_18.mov
JS,0,H1NuerY9l_19.mov
,,H1NuerY9l_2.mov
D|L,0,H1NuerY9l_20.mov
JS ,1,H1NuerY9l_3.mov
JS,0,H1NuerY9l_4.mov
,,H1NuerY9l_5.mov
JS,0,H1NuerY9l_6.mov
JS,0,H1NuerY9l_7.mov
JS,0,H1NuerY9l_8.mov
JS,0,H1NuerY9l_9.mov
NONE,NONE,H1ozCJHhg_1.mp4
BTL|D|JS,0,H1ozCJHhg_2.mp4
BTL|JS,0,H1ozCJHhg_3.mp4
JS,0,H1ozCJHhg_4.mp4
JS,0,H1ozCJHhg_5.mp4
NONE,NONE,H1ozCJHhg_6.mp4
JS,0,H1ozCJHhg_7.mp4
JS,0,H1QMsrF9e_1.mov
BTL|SM|L,0,H1QMsrF9e_10.mov
JS,0,H1QMsrF9e_11.mov
JS,0,H1QMsrF9e_2.mov
BTL|BTL|JS,0,H1QMsrF9e_3.mov
C|D|L,1,H1QMsrF9e_4.mov
NONE,NONE,H1QMsrF9e_5.mov
JS,0,H1QMsrF9e_6.mov
JS,0,H1QMsrF9e_7.mov
BTL|C|L,0,H1QMsrF9e_8.mov
BTL|BTL,0,H1QMsrF9e_9.mov
BTB|D|JS|JS|JS,1,H1QX21Hnl_1.mp4
D|L,0,H1QX21Hnl_10.mp4
NONE,NONE,H1QX21Hnl_11.mp4
NONE,NONE,H1QX21Hnl_12.mp4
D|L,1,H1QX21Hnl_2.mp4
JS,0,H1QX21Hnl_3.mp4
NONE,NONE,H1QX21Hnl_4.mp4
D|JS|JS,1,H1QX21Hnl_5.mp4
D|L,0,H1QX21Hnl_6.mp4
BTL|JS,0,H1QX21Hnl_7.mp4
BTL|JS,0,H1QX21Hnl_8.mp4
NONE,NONE,H1QX21Hnl_9.mp4
BTL|D|L,1,H1sendfje_1.mov
BTL|BTL|BTL|JS,0,H1sendfje_10.mov
JS,0,H1sendfje_11.mov
JS,0,H1sendfje_2.mov
BTL|BTL|JS,0,H1sendfje_3.mov
,,H1sendfje_4.mov
,,H1sendfje_5.mov
BTL|D|L,1,H1sendfje_6.mov
BTL|BTL|C|D|SM|JS,0,H1sendfje_7.mov
NONE,NONE,H1sendfje_8.mov
D|L,1,H1sendfje_9.mov
BTL|BTB|BTB|JS,0,H1su4eH3g_1.mp4
BTB|JS,1,H1su4eH3g_2.mp4
C|BTL|BTB|JS,1,H1su4eH3g_3.mp4
JS,0,H1su4eH3g_4.mp4
C|D|L,0,H1su4eH3g_5.mp4
JS,0,H1su4eH3g_6.mp4
D|L,0,H1su4eH3g_7.mp4
BTL|D|L,0,H1vINdGjx_1.mov
JS,0,H1vINdGjx_2.mov
JS,0,H1vINdGjx_3.mov
BTL|JS,0,H1wGo-e9g_1.mov
JS,0,H1wGo-e9g_10.mov
D|HS,0,H1wGo-e9g_11.mov
D|HS,0,H1wGo-e9g_2.mov
JS,0,H1wGo-e9g_3.mov
D|JS,0,H1wGo-e9g_4.mov
BTL|BTL|BTL|BTL|SM,0,H1wGo-e9g_5.mov
JS,0,H1wGo-e9g_6.mov
BTL|D|JS,0,H1wGo-e9g_7.mov
D|JS,0,H1wGo-e9g_8.mov
BTB|BTL|JS,0,H1wGo-e9g_9.mov
JS,0,H1zpTtGjl_1.mov
BTL|C|C|SM|JS,0,H1zpTtGjl_2.mov
JS|JS|L,0,H1zpTtGjl_3.mov
BTL|BTL|C|JS,0,H1zpTtGjl_4.mov
D|BTL|JS,0,H1zpTtGjl_5.mov
JS,0,HJ1bOHK9e_1.mov
SM|JS,0,HJ1bOHK9e_10.mov
SM|JS,0,HJ1bOHK9e_11.mov
JS,0,HJ1bOHK9e_12.mov
SM|JS,0,HJ1bOHK9e_13.mov
C|D|L,0,HJ1bOHK9e_14.mov
SM|JS,0,HJ1bOHK9e_15.mov
JS,0,HJ1bOHK9e_2.mov
D|JS,0,HJ1bOHK9e_3.mov
D|L,0,HJ1bOHK9e_4.mov
JS,0,HJ1bOHK9e_5.mov
D|L,0,HJ1bOHK9e_6.mov
D|L,0,HJ1bOHK9e_7.mov
JS,0,HJ1bOHK9e_8.mov
JS,0,HJ1bOHK9e_9.mov
JS,0,HJ4gLGgql_1.mov
JS,0,HJ4gLGgql_10.mov
JS,0,HJ4gLGgql_11.mov
D|SM|JS,0,HJ4gLGgql_12.mov
JS,0,HJ4gLGgql_13.mov
JS,0,HJ4gLGgql_14.mov
JS,0,HJ4gLGgql_2.mov
BTL|JS,0,HJ4gLGgql_3.mov
D|L,0,HJ4gLGgql_4.mov
BTL|D|L,0,HJ4gLGgql_5.mov
D|L,0,HJ4gLGgql_6.mov
HS,0,HJ4gLGgql_7.mov
BTL|JS,0,HJ4gLGgql_8.mov
JS,0,HJ4gLGgql_9.mov
JS,0,HJ5y4Mg5l_1.mov
BTL|BTL|JS,0,HJ5y4Mg5l_2.mov
BTL|JS,0,HJ5y4Mg5l_3.mov
JS,0,HJ5y4Mg5l_4.mov
BTL|BTL|D|JS,0,HJ5y4Mg5l_5.mov
JS,0,HJ5y4Mg5l_6.mov
BTL|BTL|BTL|JS,0,HJ5y4Mg5l_7.mov
BTL|BTL|JS,0,HJ5y4Mg5l_8.mov
BTL|BTL|JS,0,HJ5y4Mg5l_9.mov
JS|BTL|JS,0,HJ6l6_Msx_1.mov
JS,0,HJ6l6_Msx_10.mov
C|D|L,1,HJ6l6_Msx_11.mov
BTL|BTL|C|D|BTL|JS,0,HJ6l6_Msx_2.mov
JS,0,HJ6l6_Msx_3.mov
C|D|JS,0,HJ6l6_Msx_4.mov
BTL|JS,0,HJ6l6_Msx_5.mov
D|JS,0,HJ6l6_Msx_6.mov
D|JS,0,HJ6l6_Msx_7.mov
JS,0,HJ6l6_Msx_8.mov
JS,0,HJ6l6_Msx_9.mov
NONE,NONE,HJ9T0Wgce_1.mov
,,HJ9T0Wgce_10.mov
BTL|SM|L,0,HJ9T0Wgce_11.mov
JS,0,HJ9T0Wgce_2.mov
JS,0,HJ9T0Wgce_3.mov
BTL|D|SM|L|JS,0,HJ9T0Wgce_4.mov
BTB|BTL|BTL|BTL|SM|JS,0,HJ9T0Wgce_5.mov
D|SM|L,0,HJ9T0Wgce_6.mov
BTL|BTL|BTL|BTL|BTL|D|SM|JS|JS|JS,0,HJ9T0Wgce_7.mov
JS,0,HJ9T0Wgce_8.mov
,,HJ9T0Wgce_9.mov
SM|JS|JS,0,HJcy6yrhe_1.mp4
JS|JS,0,HJcy6yrhe_2.mp4
JS,0,HJcy6yrhe_3.mp4
JS|D|SM|L,0,HJEA-Yfsx_1.mov
BTL|BTL|JS,0,HJEA-Yfsx_2.mov
JS,0,HJEA-Yfsx_3.mov
JS,0,HJEA-Yfsx_4.mov
JS,0,HJEA-Yfsx_5.mov
BTL|JS,0,HJEA-Yfsx_6.mov
BTL|BTL|BTL|BTL,0,HJFzGbx5g_1.mov
,,HJFzGbx5g_2.mov
,,HJFzGbx5g_3.mov
D|L|L,0,HJFzGbx5g_4.mov
BTL|BTB|BTL|JS,0,HJFzGbx5g_5.mov
D|L,0,HJFzGbx5g_6.mov
D|L,0,HJFzGbx5g_7.mov
D|L,0,HJFzGbx5g_8.mov
C|BTL|C|D|JS,0,HJrJaNKql_1.mov
D|JS,0,HJrJaNKql_2.mov
BTL|BTB|JS,0,HJrJaNKql_3.mov
D|L,0,HJrJaNKql_4.mov
C|JS,0,HJrJaNKql_5.mov
BTL|BTB|C|D|L,0,HJrJaNKql_6.mov
JS|JS,0,HJrJaNKql_7.mov
BTL|BTL|D|L,1,HJSYHtGsg_1.mov
C|JS,0,HJSYHtGsg_2.mov
D|BTL|D|JS,0,HJSYHtGsg_3.mov
BTL|JS,0,HJSYHtGsg_4.mov
BTL|BTL|C|D|SM|JS,0,HJSYHtGsg_5.mov
C|JS,0,HJSYHtGsg_6.mov
JS,0,HJvJRdMig_1.mov
JS,0,HJvJRdMig_10.mov
JS,0,HJvJRdMig_11.mov
BTL|JS,0,HJvJRdMig_12.mov
D|JS,0,HJvJRdMig_13.mov
BTL|JS,0,HJvJRdMig_14.mov
JS,0,HJvJRdMig_2.mov
L,0,HJvJRdMig_3.mov
D|L,0,HJvJRdMig_4.mov
C|JS,0,HJvJRdMig_5.mov
D|JS,0,HJvJRdMig_6.mov
BTL|BTL|BTL|SM|JS,0,HJvJRdMig_7.mov
BTL|C|BTB|JS,0,HJvJRdMig_8.mov
JS,0,HJvJRdMig_9.mov
JS,0,Hk017eShe_1.mp4
JS,0,Hk017eShe_2.mp4
JS,0,Hk017eShe_3.mp4
BTL|C,0,Hk017eShe_4.mp4
D|JS,0,Hk017eShe_5.mp4
BTL|JS,0,Hk017eShe_6.mp4
JS,0,Hk017eShe_7.mp4
BTL|BTL|BTLlBTB|BTB|JS,0,Hk0JLhKOe_1.mov
NONE,NONE,Hk0JLhKOe_10.mov
BTL|JS,0,Hk0JLhKOe_11.mov
D|JS,0,Hk0JLhKOe_2.mov
C|D,0,Hk0JLhKOe_3.mov
,,Hk0JLhKOe_4.mov
C|D|BTB|JS,0,Hk0JLhKOe_5.mov
JS,0,Hk0JLhKOe_6.mov
JS,0,Hk0JLhKOe_7.mov
JS,0,Hk0JLhKOe_8.mov
,,Hk0JLhKOe_9.mov
BTB|JS|JS,0,Hk1pERzul_1.mov
JS,0,Hk1pERzul_10.mov
JS,0,Hk1pERzul_11.mov
JS,0,Hk1pERzul_12.mov
D|JS,0,Hk1pERzul_13.mov
C|D|L,0,Hk1pERzul_14.mov
,,Hk1pERzul_2.mov
SM|JS,0,Hk1pERzul_3.mov
JS,0,Hk1pERzul_4.mov
JS,0,Hk1pERzul_5.mov
C|JS,0,Hk1pERzul_6.mov
JS,0,Hk1pERzul_7.mov
JS,0,Hk1pERzul_8.mov
BTL|BTL|JS,0,Hk1pERzul_9.mov
JS,0,HkaoIfg9g_1.mov
,,HkaoIfg9g_2.mov
,,HkaoIfg9g_3.mov
D|JS,0,HkaoIfg9g_4.mov
BTL|BTL|JS,0,HkaoIfg9g_5.mov
BTL|D|L,0,HkaoIfg9g_6.mov
JS,0,HkaoIfg9g_7.mov
C|JS,0,HkaoIfg9g_8.mov
D|JS,0,HkaoIfg9g_9.mov
JS,0,HkKdp6fOx_1.mov
JS,0,HkKdp6fOx_10.mov
JS,0,HkKdp6fOx_11.mov
D|JS,0,HkKdp6fOx_12.mov
D|C|L,0,HkKdp6fOx_13.mov
,,HkKdp6fOx_2.mov
,,HkKdp6fOx_3.mov
C|JS,0,HkKdp6fOx_4.mov
C|D|JS,0,HkKdp6fOx_5.mov
JS,0,HkKdp6fOx_6.mov
JS,0,HkKdp6fOx_7.mov
JS,0,HkKdp6fOx_8.mov
D|HS,0,HkKdp6fOx_9.mov
NONE,NONE,HkKT7rY9g_1.mov
JS,0,HkKT7rY9g_10.mov
C|JS,0,HkKT7rY9g_11.mov
C|C|JS,0,HkKT7rY9g_12.mov
JS,0,HkKT7rY9g_13.mov
JS,0,HkKT7rY9g_14.mov
D|L,0,HkKT7rY9g_15.mov
C|JS,0,HkKT7rY9g_16.mov
JS,0,HkKT7rY9g_17.mov
,,HkKT7rY9g_18.mov
,,HkKT7rY9g_19.mov
SM|JS,0,HkKT7rY9g_2.mov
C|JS|JS,0,HkKT7rY9g_20.mov
NONE,NONE,HkKT7rY9g_3.mov
NONE,NONE,HkKT7rY9g_4.mov
SM|D|L,0,HkKT7rY9g_5.mov
D|JS,0,HkKT7rY9g_6.mov
BTL|BTL|C|D|L,0,HkKT7rY9g_7.mov
JS,0,HkKT7rY9g_8.mov
JS,0,HkKT7rY9g_9.mov
BTL|BTL|D|L,0,HkMYWFfse_1.mov
D|L,0,HkMYWFfse_2.mov
BTL|C|C|D,0,HkMYWFfse_3.mov
D|L,0,HkMYWFfse_4.mov
C|BTL|BTB|BTL|BTL|JS,1,HkMYWFfse_5.mov
JS,0,HkMYWFfse_6.mov
JS,0,HkMYWFfse_7.mov
BTL|TBL|JS,0,HkPdsJr3e_1.mp4
C|BTL|C|JS,0,HkPdsJr3e_2.mp4
JS,0,HkPdsJr3e_3.mp4
JS,0,HkPdsJr3e_4.mp4
C|BTL|C|D|JS|JS,0,HkPdsJr3e_5.mp4
C|JS,0,HkRPNYfjg_1.mov
D|JS,0,HkRPNYfjg_2.mov
BTB|C|JS,0,HkRPNYfjg_3.mov
C|D|JS,0,HkRPNYfjg_4.mov
D|SM|JS,0,HkRPNYfjg_5.mov
D|SM|JS,0,HksX34Fcg_1.mov
JS,0,HksX34Fcg_10.mov
JS,0,HksX34Fcg_11.mov
HS,0,HksX34Fcg_12.mov
JS,0,HksX34Fcg_13.mov
BTL|BTL|JS,0,HksX34Fcg_14.mov
BTL|D|JS,0,HksX34Fcg_2.mov
BTL|JS,0,HksX34Fcg_3.mov
SM|JS,0,HksX34Fcg_4.mov
BTL|BTL|JS,0,HksX34Fcg_5.mov
D|JS,0,HksX34Fcg_6.mov
JS,0,HksX34Fcg_7.mov
C|BTL|C|D|HS,0,HksX34Fcg_8.mov
C|D|JS,0,HksX34Fcg_9.mov
D|L|L,0,HkWvTEKcl_1.mov
D|JS,0,HkWvTEKcl_10.mov
BTB|SM|L,0,HkWvTEKcl_2.mov
BTL|JS|JS,0,HkWvTEKcl_3.mov
D|L,0,HkWvTEKcl_4.mov
 D|SM|L,0,HkWvTEKcl_5.mov
JS,0,HkWvTEKcl_6.mov
JS|L,0,HkWvTEKcl_7.mov
D|L,0,HkWvTEKcl_8.mov
JS,0,HkWvTEKcl_9.mov
JS,0,HkZ5Vzece_1.mov
D|L,0,HkZ5Vzece_10.mov
JS,0,HkZ5Vzece_11.mov
JS,0,HkZ5Vzece_12.mov
SM|JS,0,HkZ5Vzece_13.mov
JS,0,HkZ5Vzece_14.mov
C|BTL|BTL|D|L,1,HkZ5Vzece_15.mov
JS,0,HkZ5Vzece_2.mov
D,0,HkZ5Vzece_3.mov
JS,0,HkZ5Vzece_4.mov
JS,0,HkZ5Vzece_5.mov
D|L,1,HkZ5Vzece_6.mov
NONE,NONE,HkZ5Vzece_7.mov
D|JS,0,HkZ5Vzece_8.mov
D|L,0,HkZ5Vzece_9.mov
BTL|BTL|BTL|C|BTL|BTL|JS,0,Hy0XwWl9x_1.mov
, NA,Hy0XwWl9x_2.mov
,,Hy0XwWl9x_3.mov
BTL|JS,0,Hy0XwWl9x_4.mov
D|JS,0,Hy0XwWl9x_5.mov
BTL|BTL|C|D|L,0,Hy0XwWl9x_6.mov
D|L,0,Hy0XwWl9x_7.mov
C|D|SM|JS,0,Hy0XwWl9x_8.mov
D|L,0,Hy0XwWl9x_9.mov
C|D|L,0,Hy1QvfNWZ_1.mov
JS,0,Hy1QvfNWZ_10.mov
JS,0,Hy1QvfNWZ_11.mov
D|L,0,Hy1QvfNWZ_12.mov
D|HS,0,Hy1QvfNWZ_13.mov
JS,0,Hy1QvfNWZ_14.mov
NONE,NONE,Hy1QvfNWZ_15.mov
NONE,NONE,Hy1QvfNWZ_16.mov
JS,0,Hy1QvfNWZ_17.mov
C|JS,0,Hy1QvfNWZ_18.mov
D|L,0,Hy1QvfNWZ_19.mov
,,Hy1QvfNWZ_2.mov
D|BTB|L,0,Hy1QvfNWZ_20.mov
JS,0,Hy1QvfNWZ_21.mov
BTL|BTL|BTL|JS,0,Hy1QvfNWZ_22.mov
BTL|D|L,0,Hy1QvfNWZ_23.mov
JS,0,Hy1QvfNWZ_3.mov
C|JS,0,Hy1QvfNWZ_4.mov
JS,0,Hy1QvfNWZ_5.mov
JS,0,Hy1QvfNWZ_6.mov
JS,0,Hy1QvfNWZ_7.mov
C|BTL|JS,0,Hy1QvfNWZ_8.mov
JS,0,Hy1QvfNWZ_9.mov
SM|JS,0,Hy6WVKGoe_1.mov
JS,0,Hy6WVKGoe_2.mov
BTL|D|JS,0,Hy6WVKGoe_3.mov
NONE,NONE,Hy6WVKGoe_4.mov
NONE,NONE,Hy6WVKGoe_5.mov
D|SM|JS,0,Hy6WVKGoe_6.mov
JS,0,Hy6WVKGoe_7.mov
SM|JS,0,Hycw5Ozox_1.mov
JS,0,Hycw5Ozox_2.mov
D|L,0,Hycw5Ozox_3.mov
SM|L,0,Hycw5Ozox_4.mov
JS,0,Hycw5Ozox_5.mov
D|L,0,Hycw5Ozox_6.mov
,,Hycw5Ozox_7.mov
JS,0,Hycw5Ozox_8.mov
JS,0,Hycw5Ozox_9.mov
C|BTL|BTB|SM|JS,0,HyF-K-xcl_1.mov
BTL|JS|JS,0,HyF-K-xcl_2.mov
JS,0,HyF-K-xcl_3.mov
JS,0,HyF-K-xcl_4.mov
D|SM|L,0,HyF-K-xcl_5.mov
JS,0,HyJLSMl5x_1.mov
BTL|JS,1,HyJLSMl5x_10.mov
BTL|BTL|D|SM|L,0,HyJLSMl5x_11.mov
,,HyJLSMl5x_2.mov
,,HyJLSMl5x_3.mov
JS,0,HyJLSMl5x_4.mov
BTL|D|JS|JS,0,HyJLSMl5x_5.mov
BTL|C|JS|JS|JS,0,HyJLSMl5x_6.mov
D|JS,0,HyJLSMl5x_7.mov
D|L,0,HyJLSMl5x_8.mov
JS,0,HyJLSMl5x_9.mov
,,HylqJxBhx_1.mp4
JS,0,HylqJxBhx_2.mp4
C|JS,0,HylqJxBhx_3.mp4
D|JS,0,HylqJxBhx_4.mp4
JS,0,HylqJxBhx_5.mp4
BTB|JS,0,HymKcbgql_1.mov
BTL|D|JS,0,HymKcbgql_2.mov
JS,0,HymKcbgql_3.mov
C|D|JS,0,HymKcbgql_4.mov
JS,0,HymKcbgql_5.mov
JS,0,HymKcbgql_6.mov
D|JS,0,HymKcbgql_7.mov
D|JS|JS,0,HymKcbgql_8.mov
BTB|BTL|BTL|BTL|D|L|JS|SM|HS,0,HymKcbgql_9.mov
D|SM|L,0,HyqIyGg9l_1.mov
BTL|BTB|SM|D|L,0,HyqIyGg9l_2.mov
BTL|D|SM\JS,0,HyqIyGg9l_3.mov
JS,0,HyTsZ-eql_1.mov
NONE,NONE,HyTsZ-eql_2.mov
NONE,NONE,HyTsZ-eql_3.mov
JS,0,HyTsZ-eql_4.mov
BTL|D|L,0,HyTsZ-eql_5.mov
BTL|D|L,0,HyTsZ-eql_6.mov
BTL|BTL|D|L,0,HyTsZ-eql_7.mov
JS,0,HyyjyMx9g_1.mov
JS,0,HyyjyMx9g_2.mov
JS,0,HyyjyMx9g_3.mov
JS,0,HyyjyMx9g_4.mov
C|BTL|BTL|D|SM|JS,0,HyyjyMx9g_5.mov
NONE,NONE,HyyjyMx9g_6.mov
BTL|BTL|JS,0,HyyjyMx9g_7.mov
JS,0,HyztnuGjx_1.mov
JS,0,HyztnuGjx_10.mov
BTL|BTL|C|D|L,0,HyztnuGjx_11.mov
BTL|BTB|D|JS,0,HyztnuGjx_2.mov
JS,0,HyztnuGjx_3.mov
JS,0,HyztnuGjx_4.mov
BTL|SM|JS,0,HyztnuGjx_5.mov
JS,0,HyztnuGjx_6.mov
JS,0,HyztnuGjx_7.mov
C|D|JS,0,HyztnuGjx_8.mov
C|BTL|JS,0,HyztnuGjx_9.mov
BTB,0,Hy_pR-l9l_1.mov
JS,0,Hy_pR-l9l_2.mov
JS,0,Hy_pR-l9l_3.mov
BTL|D|SM|L|JS,0,Hy_pR-l9l_4.mov
BTB|BTL|BTL|BTL|D|JS,0,Hy_pR-l9l_5.mov
D|SM|L,0,Hy_pR-l9l_6.mov
BTL|BTL|BTL|BTL|D|SM|JS|JS|JS,0,Hy_pR-l9l_7.mov
JS,0,Hy_pR-l9l_8.mov
BTL|SM|L,0,Hy_pR-l9l_9.mov
C|JS,0,rJV1LBK9e_1.mov
JS,0,rJV1LBK9e_10.mov
D|L,0,rJV1LBK9e_11.mov
D|BTB|JS,0,rJV1LBK9e_12.mov
JS,0,rJV1LBK9e_13.mov
JS,0,rJV1LBK9e_14.mov
L,1,rJV1LBK9e_15.mov
SM|JS,0,rJV1LBK9e_16.mov
JS,0,rJV1LBK9e_17.mov
BTL|BTL|D|L,1,rJV1LBK9e_2.mov
C|D|L|SM|JS,1,rJV1LBK9e_3.mov
C|JS,0,rJV1LBK9e_4.mov
,,rJV1LBK9e_5.mov
SM|D|C,1,rJV1LBK9e_6.mov
SM|JS,0,rJV1LBK9e_7.mov
D|L,0,rJV1LBK9e_8.mov
JS,0,rJV1LBK9e_9.mov
JS,0,r11e04Fqg_1.mov
JS,0,r11e04Fqg_10.mov
D|L|JS,0,r11e04Fqg_2.mov
BTL|D|JS,0,r11e04Fqg_3.mov
BTB|D|JS|L,0,r11e04Fqg_4.mov
JS,0,r11e04Fqg_5.mov
D|L,0,r11e04Fqg_6.mov
D|JS,0,r11e04Fqg_7.mov
JS,0,r11e04Fqg_8.mov
BTB|BTL|BTB|JS|D|JS,1,r11e04Fqg_9.mov
JS,0,r13y9FMsl_1.mov
JS,0,r13y9FMsl_10.mov
D|L,1,r13y9FMsl_11.mov
JS,0,r13y9FMsl_2.mov
SM|JS,0,r13y9FMsl_3.mov
C,0,r13y9FMsl_4.mov
D|L,1,r13y9FMsl_5.mov
D|JS|SM|JS,0,r13y9FMsl_6.mov
JS,0,r13y9FMsl_7.mov
JS,0,r13y9FMsl_8.mov
D|L,0,r13y9FMsl_9.mov
BTL|BTL|C|D|L,1,r1aIBgS2g_1.mp4
JS,0,r1aIBgS2g_2.mp4
BTL|D|BTB|L,1,r1aIBgS2g_3.mp4
NONE,NONE,r1aIBgS2g_4.mp4
BTL|JS,0,r1aIBgS2g_5.mp4
JS,0,r1aIBgS2g_6.mp4
D|JS,0,r1aIBgS2g_7.mp4
JS,0,r1bO7gr2g_1.mp4
,,r1bO7gr2g_10.mp4
,,r1bO7gr2g_11.mp4
JS|JS,0,r1bO7gr2g_12.mp4
JS,0,r1bO7gr2g_13.mp4
C|BTL|BTL|BTL|D|L,1,r1bO7gr2g_14.mp4
JS,0,r1bO7gr2g_2.mp4
JS|D|L,0,r1bO7gr2g_3.mp4
,,r1bO7gr2g_4.mp4
C|JS,0,r1bO7gr2g_5.mp4
NONE,NONE,r1bO7gr2g_6.mp4
JS,0,r1bO7gr2g_7.mp4
,,r1bO7gr2g_8.mp4
,,r1bO7gr2g_9.mp4
D|L,0,r1cA5OGog_1.mov
C|JS,0,r1cA5OGog_2.mov
C|BTB|BTB|C|JS,0,r1cA5OGog_3.mov
BTL|JS,0,r1cA5OGog_4.mov
NONE,NONE,r1cA5OGog_5.mov
D|JS,0,r1cA5OGog_6.mov
BTL|BTB|JS,0,r1cA5OGog_7.mov
D|L,0,r1cA5OGog_8.mov
JS,0,r1f7ggS2x_1.mp4
JS,0,r1f7ggS2x_2.mp4
C|JS|JS,0,r1f7ggS2x_3.mp4
D|JS,0,r1f7ggS2x_4.mp4
JS,0,r1f7ggS2x_5.mp4
JS,0,r1GNDflqx_1.mov
D|L,0,r1GNDflqx_10.mov
BTL|BTB|JS,0,r1GNDflqx_11.mov
JS,0,r1GNDflqx_12.mov
C|C|JS,0,r1GNDflqx_13.mov
JS,0,r1GNDflqx_2.mov
BTL|JS,0,r1GNDflqx_3.mov
BTL|JS,0,r1GNDflqx_4.mov
JS,0,r1GNDflqx_5.mov
BTL|D|JS,0,r1GNDflqx_6.mov
BTL|BTB|JS,0,r1GNDflqx_7.mov
BTL|BTL|C|JS,0,r1GNDflqx_8.mov
JS,0,r1GNDflqx_9.mov
JS,0,r1iJ9_zjg_1.mov
BTL|JS,0,r1iJ9_zjg_10.mov
L|L,0,r1iJ9_zjg_11.mov
BTB|JS,0,r1iJ9_zjg_12.mov
JS,0,r1iJ9_zjg_2.mov
D|L,0,r1iJ9_zjg_3.mov
JS,0,r1iJ9_zjg_4.mov
C|D|L,0,r1iJ9_zjg_5.mov
JS,0,r1iJ9_zjg_6.mov
JS,0,r1iJ9_zjg_7.mov
JS,0,r1iJ9_zjg_8.mov
JS,0,r1iJ9_zjg_9.mov
BTL|D|JS,0,r1kdMYzix_1.mov
BTL|BTB|JS,0,r1kdMYzix_10.mov
D|L,0,r1kdMYzix_11.mov
JS,0,r1kdMYzix_12.mov
JS,0,r1kdMYzix_13.mov
BTL|C|JS|L,0,r1kdMYzix_14.mov
C|JS,0,r1kdMYzix_2.mov
JS,0,r1kdMYzix_3.mov
BTL|JS,0,r1kdMYzix_4.mov
JS,0,r1kdMYzix_5.mov
JS,0,r1kdMYzix_6.mov
BTL|BTB|C|JS,0,r1kdMYzix_7.mov
C|D|JS,0,r1kdMYzix_8.mov
D|JS,0,r1kdMYzix_9.mov
JS,0,r1nytYfix_1.mov
JS,0,r1nytYfix_10.mov
JS,0,r1nytYfix_11.mov
D|JS,0,r1nytYfix_12.mov
JS,0,r1nytYfix_13.mov
D|L,0,r1nytYfix_14.mov
D|L,0,r1nytYfix_15.mov
JS,0,r1nytYfix_16.mov
C|SM|JS,0,r1nytYfix_17.mov
BTL|JS,0,r1nytYfix_18.mov
D|L,0,r1nytYfix_19.mov
L,0,r1nytYfix_2.mov
JS,0,r1nytYfix_20.mov
D|JS,0,r1nytYfix_21.mov
JS,0,r1nytYfix_3.mov
BTL|JS,0,r1nytYfix_4.mov
C|D|L|JS,0,r1nytYfix_5.mov
C|C|JS,0,r1nytYfix_6.mov
JS,0,r1nytYfix_7.mov
JS,0,r1nytYfix_8.mov
JS,0,r1nytYfix_9.mov
D|L,0,r1U6lfx9l_1.mov
BTB|BTL|D|JS,0,r1U6lfx9l_2.mov
BTL|JS,0,r1U6lfx9l_3.mov
NONE,NONE,r1U6lfx9l_4.mov
JS,0,r1U6lfx9l_5.mov
JS,0,r1U6lfx9l_6.mov
,,r1U6lfx9l_7.mov
JS|L,0,r1VOF-eql_1.mov
C|BTL|BTL|JS,0,r1VOF-eql_2.mov
SM|JS,0,r1VOF-eql_3.mov
C|JS,0,r1VOF-eql_4.mov
BTL|BTL|JS,0,r1VOF-eql_5.mov
D|L,0,rJ5Csyr3x_1.mp4
D|L|JS|JS,0,rJ5Csyr3x_2.mp4
JS|JS|JS,0,rJ5Csyr3x_3.mp4
BTL|C|D|JS,0,rJDPqEKqg_1.mov
BTL|JS,0,rJDPqEKqg_2.mov
JS,0,rJDPqEKqg_3.mov
BTL|BTL|BTL|JS,0,rJDPqEKqg_4.mov
C|D|JS,0,rJDPqEKqg_5.mov
JS,0,rJDPqEKqg_6.mov
D|L,0,rJDPqEKqg_7.mov
C|L|L,0,rJDPqEKqg_8.mov
C|JS,0,rJeR7CGdx_1.mov
JS,0,rJeR7CGdx_10.mov
JS,0,rJeR7CGdx_11.mov
JS,0,rJeR7CGdx_12.mov
JS,0,rJeR7CGdx_13.mov
D|L,1,rJeR7CGdx_14.mov
JS,0,rJeR7CGdx_15.mov
,,rJeR7CGdx_16.mov
JS,0,rJeR7CGdx_17.mov
C|D|L,0,rJeR7CGdx_2.mov
JS,0,rJeR7CGdx_3.mov
C|L,0,rJeR7CGdx_4.mov
JS,0,rJeR7CGdx_5.mov
D|L,0,rJeR7CGdx_6.mov
JS,0,rJeR7CGdx_7.mov
JS,0,rJeR7CGdx_8.mov
D|L,0,rJeR7CGdx_9.mov
JS,0,rJhblGl5e_1.mov
BTL|BTB|JS|L,0,rJhblGl5e_10.mov
BTL|SM|JS,1,rJhblGl5e_11.mov
JS,0,rJhblGl5e_2.mov
C|SM|HS,0,rJhblGl5e_3.mov
D|JS,0,rJhblGl5e_4.mov
BTL|L|JS,0,rJhblGl5e_5.mov
NONE,NONE,rJhblGl5e_6.mov
BTL|BTL|JS,1,rJhblGl5e_7.mov
,,rJhblGl5e_8.mov
D|JS,1,rJhblGl5e_9.mov
BTL|JS,0,rJhtA_Gix_1.mov
JS,0,rJhtA_Gix_10.mov
JS,0,rJhtA_Gix_11.mov
 BTB|BTB|JS,0,rJhtA_Gix_12.mov
BTL|D,1,rJhtA_Gix_13.mov
,,rJhtA_Gix_14.mov
,,rJhtA_Gix_15.mov
BTL|D|JS,1,rJhtA_Gix_16.mov
D|JS,0,rJhtA_Gix_17.mov
D|JS,0,rJhtA_Gix_18.mov
 JS,0,rJhtA_Gix_19.mov
JS,0,rJhtA_Gix_2.mov
BTL,0,rJhtA_Gix_20.mov
JS,0,rJhtA_Gix_21.mov
JS,0,rJhtA_Gix_22.mov
BTL|BTL|D|JS,0,rJhtA_Gix_23.mov
BTL|D|L,1,rJhtA_Gix_24.mov
BTL|JS,0,rJhtA_Gix_25.mov
C|D|L,0,rJhtA_Gix_26.mov
JS,0,rJhtA_Gix_27.mov
JS,0,rJhtA_Gix_28.mov
BTL|C|BTL|JS,0,rJhtA_Gix_29.mov
D|JS|JS,0,rJhtA_Gix_3.mov
BTL|BTL|C|BTB|BTL|D|L,1,rJhtA_Gix_30.mov
SM|JS,0,rJhtA_Gix_4.mov
D|JS,0,rJhtA_Gix_5.mov
JS,0,rJhtA_Gix_6.mov
JS,0,rJhtA_Gix_7.mov
BTL|BTL|D|JS,1,rJhtA_Gix_8.mov
BTL|JS,0,rJhtA_Gix_9.mov
C|D|L,0,rJLlF1H3l_1.mp4
JS,0,rJLlF1H3l_2.mp4
JS|SM|JS,0,rJLlF1H3l_3.mp4
JS,0,rJLlF1H3l_4.mp4
BTB|JS,0,rJLlF1H3l_5.mp4
BTL|BTL|C|D|L,1,rJLlF1H3l_6.mp4
,,rJLlF1H3l_7.mp4
L,0,rJRrUtzsx_1.mov
JS,0,rJRrUtzsx_10.mov
BTB|JS|L,0,rJRrUtzsx_11.mov
JS,0,rJRrUtzsx_12.mov
C|D|L,0,rJRrUtzsx_2.mov
JS,0,rJRrUtzsx_3.mov
C|JS,0,rJRrUtzsx_4.mov
D|HS,0,rJRrUtzsx_5.mov
BTL|BTB|JS,0,rJRrUtzsx_6.mov
D|L,0,rJRrUtzsx_7.mov
D|JS,0,rJRrUtzsx_8.mov
JS,0,rJRrUtzsx_9.mov
C|D|JS|D|L,1,rJWareSnl_1.mp4
D|L,1,rJWareSnl_2.mp4
D|C|L,1,rJWareSnl_3.mp4
D|JS|JS,1,rJWareSnl_4.mp4
JS,0,rJWareSnl_5.mp4
D|JS,0,rJWareSnl_6.mp4
D|SM|L,0,rJWareSnl_7.mp4
JS,0,rJyFjtMig_1.mov
JS,0,rJyFjtMig_10.mov
JS|JS,0,rJyFjtMig_2.mov
D|JS,1,rJyFjtMig_3.mov
D|SM|JS,0,rJyFjtMig_4.mov
JS,0,rJyFjtMig_5.mov
 BTL|C|JS,0,rJyFjtMig_6.mov
D|L,0,rJyFjtMig_7.mov
JS,0,rJyFjtMig_8.mov
C|D|JS,0,rJyFjtMig_9.mov
BTL|BTL|BTL|BTB|BTL|BTL|C|JS,1,rk48nWx5x_1.mov
JS,0,rk48nWx5x_2.mov
BTL|C,0,rk48nWx5x_3.mov
JS,0,rk48nWx5x_4.mov
BTB|BTL|C|BTL,0,rk48nWx5x_5.mov
JS,0,rk9e8zx5l_1.mov
JS,0,rk9e8zx5l_10.mov
JS,0,rk9e8zx5l_11.mov
SM|JS,0,rk9e8zx5l_12.mov
SM|JS,0,rk9e8zx5l_13.mov
JS,0,rk9e8zx5l_14.mov
D|JS,0,rk9e8zx5l_2.mov
C|JS,0,rk9e8zx5l_3.mov
D|L,0,rk9e8zx5l_4.mov
BTL|D|L,1,rk9e8zx5l_5.mov
 D|L,0,rk9e8zx5l_6.mov
JS,0,rk9e8zx5l_7.mov
BTL|JS,0,rk9e8zx5l_8.mov
JS,0,rk9e8zx5l_9.mov
JS,0,rkdRIYMsl_1.mov
C|C|C|JS,0,rkdRIYMsl_10.mov
JS,0,rkdRIYMsl_11.mov
JS,0,rkdRIYMsl_12.mov
D|JS,0,rkdRIYMsl_13.mov
C|JS,0,rkdRIYMsl_14.mov
C|JS,0,rkdRIYMsl_15.mov
JS,0,rkdRIYMsl_16.mov
D|JS,0,rkdRIYMsl_17.mov
C|JS,0,rkdRIYMsl_18.mov
JS,0,rkdRIYMsl_19.mov
 JS,0,rkdRIYMsl_2.mov
BTL|D|SM|JS,0,rkdRIYMsl_3.mov
D|JS,1,rkdRIYMsl_4.mov
,,rkdRIYMsl_5.mov
JS,0,rkdRIYMsl_6.mov
BTB|JS|L,0,rkdRIYMsl_7.mov
JS,0,rkdRIYMsl_8.mov
SM|JS,0,rkdRIYMsl_9.mov
JS,0,rkdWxzgcl_1.mov
BTL|BTB|JS|L,0,rkdWxzgcl_10.mov
BTL|SM|JS,0,rkdWxzgcl_11.mov
JS,0,rkdWxzgcl_2.mov
C|SM|JS,0,rkdWxzgcl_3.mov
D|L,0,rkdWxzgcl_4.mov
BTL|BTL|L|SM|JS,0,rkdWxzgcl_5.mov
BTL,0,rkdWxzgcl_6.mov
BTL|BTLlJS,0,rkdWxzgcl_7.mov
,,rkdWxzgcl_8.mov
D|D,0,rkdWxzgcl_9.mov
C|C|JS,0,rkGCIeSne_1.mp4
C|D|L,0,rkGCIeSne_10.mp4
D|L,0,rkGCIeSne_11.mp4
JS,0,rkGCIeSne_2.mp4
D|BTB|C|L,0,rkGCIeSne_3.mp4
SM|JS,0,rkGCIeSne_4.mp4
JS,0,rkGCIeSne_5.mp4
D|L,0,rkGCIeSne_6.mp4
JS,0,rkGCIeSne_7.mp4
JS,0,rkGCIeSne_8.mp4
D|JS,0,rkGCIeSne_9.mp4
SM|D|JS,0,rkGQGxBhe_1.mp4
D|L,0,rkGQGxBhe_2.mp4
JS|JS,0,rkGQGxBhe_3.mp4
C|D|SM|JS,0,rkH85SFcg_1.mov
JS|L,0,rkH85SFcg_10.mov
JS|D|L,0,rkH85SFcg_11.mov
BTL|BTL|BTB|C|D|L,1,rkH85SFcg_2.mov
JS,0,rkH85SFcg_3.mov
C|BTB|JS,0,rkH85SFcg_4.mov
JS,0,rkH85SFcg_5.mov
JS,0,rkH85SFcg_6.mov
,,rkH85SFcg_7.mov
,,rkH85SFcg_8.mov
JS,0,rkH85SFcg_9.mov
BTL|BTL|JS,0,rkJNTbxqg_1.mov
BTL|SM|JS,0,rkJNTbxqg_10.mov
JS|JS,0,rkJNTbxqg_11.mov
BTL|D|JS,0,rkJNTbxqg_12.mov
BTL|JS,0,rkJNTbxqg_13.mov
JS,0,rkJNTbxqg_14.mov
D|HS,0,rkJNTbxqg_15.mov
JS,0,rkJNTbxqg_16.mov
C|BTL|D|L|JS|L,0,rkJNTbxqg_17.mov
BTL|L|L,0,rkJNTbxqg_18.mov
JS,0,rkJNTbxqg_19.mov
,,rkJNTbxqg_2.mov
JS,0,rkJNTbxqg_20.mov
JS,0,rkJNTbxqg_21.mov
L|L|L,0,rkJNTbxqg_22.mov
BTL|SM|JS,0,rkJNTbxqg_23.mov
BTB|BTB|BTL|C|D|L,0,rkJNTbxqg_3.mov
JS,0,rkJNTbxqg_4.mov
BTL|BTL|JS|C|C|C|D,0,rkJNTbxqg_5.mov
JS,0,rkJNTbxqg_6.mov
JS,0,rkJNTbxqg_7.mov
NONE,NONE,rkJNTbxqg_8.mov
JS,0,rkJNTbxqg_9.mov
BTL|C|D|JS,0,rklfQKGol_1.mov
JS,0,rklfQKGol_10.mov
C|JS,0,rklfQKGol_11.mov
JS,0,rklfQKGol_12.mov
JS,0,rklfQKGol_13.mov
C|D|JS,0,rklfQKGol_14.mov
SM|JS,0,rklfQKGol_15.mov
JS,0,rklfQKGol_16.mov
JS,0,rklfQKGol_17.mov
D|JS,1,rklfQKGol_18.mov
BTL|C|D|JS,0,rklfQKGol_19.mov
JS,0,rklfQKGol_2.mov
C|JS,0,rklfQKGol_20.mov
JS,0,rklfQKGol_3.mov
BTL|JS,0,rklfQKGol_4.mov
C|BTL|JS,0,rklfQKGol_5.mov
JS,0,rklfQKGol_6.mov
C|C|JS|JS,0,rklfQKGol_7.mov
D|JS,0,rklfQKGol_8.mov
SM|JS,0,rklfQKGol_9.mov
BTB|BTB|JS,0,rkmce-ecg_1.mov
JS,0,rkmce-ecg_10.mov
BTL|BTL|C|BTL|JS,0,rkmce-ecg_11.mov
JS,0,rkmce-ecg_12.mov
JS,1,rkmce-ecg_13.mov
,,rkmce-ecg_2.mov
C|D|L,0,rkmce-ecg_3.mov
JS,0,rkmce-ecg_4.mov
C|BTL|BTL|JS,0,rkmce-ecg_5.mov
L,0,rkmce-ecg_6.mov
JS,0,rkmce-ecg_7.mov
BTB|BTL|JS,0,rkmce-ecg_8.mov
JS,0,rkmce-ecg_9.mov
C|D|L,1,rknaXbe9g_1.mov
BTB|SM|L ,0,rknaXbe9g_2.mov
BTL|JS,0,rknaXbe9g_3.mov
L ,0,rknaXbe9g_4.mov
JS,0,rknaXbe9g_5.mov
JS,0,rknaXbe9g_6.mov
JS,0,rknaXbe9g_7.mov
L ,0,rknaXbe9g_8.mov
JS,0,rknBrzl9l_1.mov
,,rknBrzl9l_2.mov
BTL|D|JS,1,rknBrzl9l_3.mov
BTL|C|JS|JS|JS,1,rknBrzl9l_4.mov
D|JS,1,rknBrzl9l_5.mov
D|L,0,rknBrzl9l_6.mov
JS,0,rknBrzl9l_7.mov
C|BTL|C|JS,0,rknBrzl9l_8.mov
BTL|BTL|BTL|D|SM|L,1,rknBrzl9l_9.mov
JS,0,rkOCvtGsl_1.mov
D|JS,0,rkOCvtGsl_10.mov
BTL|C|SM|BTB|JS,1,rkOCvtGsl_11.mov
JS,0,rkOCvtGsl_12.mov
D|JS,1,rkOCvtGsl_13.mov
D|JS,0,rkOCvtGsl_14.mov
D|L,0,rkOCvtGsl_15.mov
BTL|JS,0,rkOCvtGsl_2.mov
JS,0,rkOCvtGsl_3.mov
JS,0,rkOCvtGsl_4.mov
D|JS,0,rkOCvtGsl_5.mov
D|BTB|D|JS,1,rkOCvtGsl_6.mov
D|JS,0,rkOCvtGsl_7.mov
D|SM|JS,1,rkOCvtGsl_8.mov
None,0,rkOCvtGsl_9.mov
JS,0,rkx0Odfol_1.mov
C|D|L,0,rkx0Odfol_10.mov
NONE,NONE,rkx0Odfol_11.mov
JS,0,rkx0Odfol_12.mov
JS,0,rkx0Odfol_13.mov
,,rkx0Odfol_14.mov
D|L,1,rkx0Odfol_15.mov
JS,0,rkx0Odfol_16.mov
D|BTB|L,0,rkx0Odfol_17.mov
C|C|SM|JS,0,rkx0Odfol_18.mov
,,rkx0Odfol_19.mov
C|C|JS,0,rkx0Odfol_2.mov
BTB|C|JS,0,rkx0Odfol_3.mov
C|D|SM|JS,0,rkx0Odfol_4.mov
D|L,0,rkx0Odfol_5.mov
D|JS,0,rkx0Odfol_6.mov
JS,0,rkx0Odfol_7.mov
D|L,0,rkx0Odfol_8.mov
JS,0,rkx0Odfol_9.mov
JS,0,rkx0_zx5l_1.mov
C|SM|D|L,0,rkx0_zx5l_2.mov
D|L|L|L,0,rkx0_zx5l_3.mov
JS,0,rkxavOMil_1.mov
SM|JS,0,rkxavOMil_10.mov
BTL|D|L,0,rkxavOMil_11.mov
JS,0,rkxavOMil_12.mov
C|L|JS,0,rkxavOMil_13.mov
BTL|JS,0,rkxavOMil_14.mov
JS,0,rkxavOMil_15.mov
JS,0,rkxavOMil_16.mov
D|L,0,rkxavOMil_17.mov
BTL|BTL|JS,0,rkxavOMil_18.mov
C|JS,0,rkxavOMil_19.mov
JS,0,rkxavOMil_2.mov
JS,0,rkxavOMil_20.mov
BTL|JS,0,rkxavOMil_21.mov
C|JS,0,rkxavOMil_3.mov
JS,0,rkxavOMil_4.mov
D|JS,1,rkxavOMil_5.mov
BTL|JS,0,rkxavOMil_6.mov
C|BTB|C|C|D|JS,0,rkxavOMil_7.mov
D|JS,0,rkxavOMil_8.mov
BTL|C|BTL|JS,0,rkxavOMil_9.mov
D|L,0,rkZgegH3l_1.mp4
JS,0,rkZgegH3l_2.mp4
D|L,0,rkZgegH3l_3.mp4
JS,0,rkZMPBK5x_1.mov
JS,0,rkZMPBK5x_10.mov
JS,0,rkZMPBK5x_11.mov
JS,0,rkZMPBK5x_12.mov
D|L,0,rkZMPBK5x_13.mov
JS,0,rkZMPBK5x_14.mov
JS,0,rkZMPBK5x_15.mov
JS,0,rkZMPBK5x_16.mov
D|L,0,rkZMPBK5x_17.mov
BTB|D|L,0,rkZMPBK5x_18.mov
SM|JS,0,rkZMPBK5x_19.mov
JS,0,rkZMPBK5x_2.mov
JS,0,rkZMPBK5x_3.mov
D|JS,0,rkZMPBK5x_4.mov
JS,0,rkZMPBK5x_5.mov
JS,0,rkZMPBK5x_6.mov
JS,0,rkZMPBK5x_7.mov
D|L,0,rkZMPBK5x_8.mov
C|D|JS,1,rkZMPBK5x_9.mov
D|L,0,ry2qWeHhg_1.mp4
JS,0,ry2qWeHhg_2.mp4
BTL|JS,0,ry2qWeHhg_3.mp4
C|D|L,0,ry2qWeHhg_4.mp4
JS,0,ry2qWeHhg_5.mp4
JS,0,ry3Apxgqg_1.mov
D|HS,0,ry3Apxgqg_2.mov
C|JS,0,ry3Apxgqg_3.mov
,0,ry3Apxgqg_4.mov
,0,ry3Apxgqg_5.mov
JS,0,ry3Apxgqg_6.mov
BTL|C|JS,0,ry3Apxgqg_7.mov
C|C|JS,0,ry3Apxgqg_8.mov
C|D|L,1,ry3Apxgqg_9.mov
JS,0,ry6QWzx9e_1.mov
D|L|JS,0,ry6QWzx9e_10.mov
BTL|D|JS,1,ry6QWzx9e_11.mov
JS,0,ry6QWzx9e_2.mov
D|L,1,ry6QWzx9e_3.mov
JS,0,ry6QWzx9e_4.mov
SM|D|L,0,ry6QWzx9e_5.mov
BTB|D|L,0,ry6QWzx9e_6.mov
D|L|L|L,0,ry6QWzx9e_7.mov
JS,0,ry6QWzx9e_8.mov
C|D,0,ry6QWzx9e_9.mov
BTL|JS,0,ry74Iufsg_1.mov
JS,0,ry74Iufsg_10.mov
C|JS,0,ry74Iufsg_11.mov
NONE,NONE,ry74Iufsg_12.mov
NONE,NONE,ry74Iufsg_13.mov
BTB|C|D|BTB|C|JS,0,ry74Iufsg_14.mov
D|L,0,ry74Iufsg_15.mov
D|L,0,ry74Iufsg_16.mov
JS,0,ry74Iufsg_2.mov
JS|JS,0,ry74Iufsg_3.mov
JS,0,ry74Iufsg_4.mov
JS,0,ry74Iufsg_5.mov
NONE,NONE,ry74Iufsg_6.mov
NONE,NONE,ry74Iufsg_7.mov
BTB|JS,0,ry74Iufsg_8.mov
JS,0,ry74Iufsg_9.mov
BTL|JS|L,0,rye_Ybece_1.mov
C|BTL|BTLlJS,0,rye_Ybece_2.mov
BTL|SM|JS,0,rye_Ybece_3.mov
D|C|JS,0,rye_Ybece_4.mov
C|BTL|BTL|JS,0,rye_Ybece_5.mov
D|L,0,rykXv3tdx_1.mov
D|JS,0,rykXv3tdx_10.mov
D|JS,0,rykXv3tdx_11.mov
SM|L,0,rykXv3tdx_2.mov
BTL|BTL|JS,0,rykXv3tdx_3.mov
C|JS,0,rykXv3tdx_4.mov
JS,0,rykXv3tdx_5.mov
BTL|JS,0,rykXv3tdx_6.mov
BTL|BTL|C|JS,0,rykXv3tdx_7.mov
D|L,0,rykXv3tdx_8.mov
BTL|C|D|JS,0,rykXv3tdx_9.mov
SM|JS,0,rylX6Jr2x_1.mp4
SM|D|JS,0,rylX6Jr2x_2.mp4
SM|D|JS,0,rylX6Jr2x_3.mp4
JS,0,ryrLE-l5x_1.mov
L,0,ryrLE-l5x_10.mov
NONE,NONE,ryrLE-l5x_2.mov
L,0,ryrLE-l5x_3.mov
JS,0,ryrLE-l5x_4.mov
JS|C|JS,0,ryrLE-l5x_5.mov
C|C|D|L,0,ryrLE-l5x_6.mov
BTL|D|L|L|JS,0,ryrLE-l5x_7.mov
C|D|L|JS|SM|L,0,ryrLE-l5x_8.mov
NONE,NONE,ryrLE-l5x_9.mov
C|BTB|BTL|JS,0,ryvmLerhx_1.mp4
D|JS,0,ryvmLerhx_10.mp4
SM|L,0,ryvmLerhx_11.mp4
JS,0,ryvmLerhx_12.mp4
BTB|JS,0,ryvmLerhx_13.mp4
L,0,ryvmLerhx_2.mp4
C|JS,0,ryvmLerhx_3.mp4
BTB|BTL|C|JS,1,ryvmLerhx_4.mp4
BTL|C|BTL,0,ryvmLerhx_5.mp4
JS,0,ryvmLerhx_6.mp4
JS,0,ryvmLerhx_7.mp4
BTL|BTL,0,ryvmLerhx_8.mp4
,,ryvmLerhx_9.mp4
JS,0,SJXC5Jr2l_1.mp4
C|JS,0,SJXC5Jr2l_2.mp4
D|JS,0,SJXC5Jr2l_3.mp4
D|L,0,S1B6lGgqe_1.mov
BTL|D|JS,0,S1B6lGgqe_2.mov
BTL|JS,0,S1B6lGgqe_3.mov
None,None,S1B6lGgqe_4.mov
JS,0,S1B6lGgqe_5.mov
JS,0,S1B6lGgqe_6.mov
JS,0,S1B6lGgqe_7.mov
C|C|D|L,1,S1g9MWg9e_1.mov
JS,0,S1g9MWg9e_2.mov
D|L,0,S1g9MWg9e_3.mov
D|L,0,S1g9MWg9e_4.mov
JS|L,0,S1g9MWg9e_5.mov
JS,0,S1g9MWg9e_6.mov
D|C|JS,0,S1g9MWg9e_7.mov
D|L,0,S1g9MWg9e_8.mov
C|BTB|C|JS,0,S1jKKNt5x_1.mov
BTL|D|JS,0,S1jKKNt5x_2.mov
C|D|L,0,S1jKKNt5x_3.mov
,,S1jKKNt5x_4.mov
BTL|C|C|JS,0,S1jKKNt5x_5.mov
BTL|C|C|JS,0,S1jKKNt5x_6.mov
,,S1jKKNt5x_7.mov
D|C|JS,0,S1jKKNt5x_8.mov
C|C|D|JS,0,S1jKKNt5x_9.mov
BTL|C|SM|JS,0,S1JWtbe9g_1.mov
BTL|D|JS|JS,0,S1JWtbe9g_2.mov
,,S1JWtbe9g_3.mov
,,S1JWtbe9g_4.mov
D|L,0,S1JWtbe9g_5.mov
D|BTB|JS,0,S1K-HgShx_1.mp4
C|C|JS,1,S1K-HgShx_2.mp4
BTL|C|D|JS,0,S1K-HgShx_3.mp4
SM|JS,0,S1K-HgShx_4.mp4
,,S1K-HgShx_5.mp4
C|D|L,0,S1K-HgShx_6.mp4
BTB|BTB|C|BTL|C|JS,0,S1K-HgShx_7.mp4
C|D|C|C|D|L,1,S1rqG-l9x_1.mov
JS,0,S1rqG-l9x_2.mov
D|L,0,S1rqG-l9x_3.mov
D|JS,0,S1rqG-l9x_4.mov
L,0,S1rqG-l9x_5.mov
JS,0,S1rqG-l9x_6.mov
D|JS,0,S1rqG-l9x_7.mov
D|L,0,S1rqG-l9x_8.mov
BTB|BTL|SM|D|JS,0,S1t9r-lcx_1.mov
SM|JS,0,S1t9r-lcx_10.mov
BTL|C|C|D|L,1,S1t9r-lcx_11.mov
BTL|D|JS,0,S1t9r-lcx_12.mov
D|L,1,S1t9r-lcx_13.mov
C|C|BTL|BTB|JS|D|L,0,S1t9r-lcx_2.mov
None,None,S1t9r-lcx_3.mov
D|L,0,S1t9r-lcx_4.mov
C|BTB|JS,0,S1t9r-lcx_5.mov
C|BTL|BTB|JS,0,S1t9r-lcx_6.mov
C|BTL|D|L,0,S1t9r-lcx_7.mov
C|BTL|BTL|BTL|BTL|D|L,0,S1t9r-lcx_8.mov
L|JS,0,S1t9r-lcx_9.mov
C|JS,0,SJ6nEFGjg_1.mov
JS|L|JS,0,SJ6nEFGjg_10.mov
None,None,SJ6nEFGjg_11.mov
BTB|JS,1,SJ6nEFGjg_12.mov
BTB|BTL|BTB|BTB,0,SJ6nEFGjg_13.mov
D|L,0,SJ6nEFGjg_14.mov
C,0,SJ6nEFGjg_15.mov
C|D|L,0,SJ6nEFGjg_16.mov
JS,0,SJ6nEFGjg_2.mov
C|C|D|L|JS,0,SJ6nEFGjg_3.mov
JS,0,SJ6nEFGjg_4.mov
D|L|JS,0,SJ6nEFGjg_5.mov
C|D|JS,1,SJ6nEFGjg_6.mov
JS,0,SJ6nEFGjg_7.mov
JS,0,SJ6nEFGjg_8.mov
D|L,0,SJ6nEFGjg_9.mov
C|JS,0,SJBXKBY5g_1.mov
JS,0,SJBXKBY5g_10.mov
C|C|JS,0,SJBXKBY5g_11.mov
D|JS,0,SJBXKBY5g_12.mov
C|C|C|C|SM|JS,1,SJBXKBY5g_13.mov
JS,0,SJBXKBY5g_14.mov
JS,0,SJBXKBY5g_15.mov
D|JS,0,SJBXKBY5g_16.mov
C|JS,0,SJBXKBY5g_17.mov
D|L,1,SJBXKBY5g_18.mov
,,SJBXKBY5g_19.mov
C|C|L,1,SJBXKBY5g_2.mov
,,SJBXKBY5g_20.mov
,,SJBXKBY5g_21.mov
,,SJBXKBY5g_22.mov
C|BTB|SM|SM|JS,0,SJBXKBY5g_23.mov
JS,0,SJBXKBY5g_24.mov
C|JS|L,0,SJBXKBY5g_25.mov
BTB|C|C|C|JS,1,SJBXKBY5g_3.mov
,,SJBXKBY5g_4.mov
,,SJBXKBY5g_5.mov
JS,0,SJBXKBY5g_6.mov
BTL|C|BTL|BTB|L,1,SJBXKBY5g_7.mov
D|JS,0,SJBXKBY5g_8.mov
C|D|L,1,SJBXKBY5g_9.mov
BTL|SM|JS,0,SJk33Wl5g_1.mov
JS,0,SJk33Wl5g_2.mov
BTB|SM|SM|L,0,SJk33Wl5g_3.mov
JS,0,SJk33Wl5g_4.mov
D|L|L,0,SJk33Wl5g_5.mov
C|SM|JS,1,SJKeoer3e_1.mp4
JS,0,SJKeoer3e_10.mp4
C|JS,0,SJKeoer3e_11.mp4
BTL|BTL|C|BTL|C|SM|L,1,SJKeoer3e_12.mp4
BTL|C|JS,1,SJKeoer3e_13.mp4
BTB|C|JS,1,SJKeoer3e_14.mp4
L,0,SJKeoer3e_15.mp4
BTL|BTL|D|L,1,SJKeoer3e_2.mp4
C|D|L,1,SJKeoer3e_3.mp4
None,None,SJKeoer3e_4.mp4
BTL|SM|JS,0,SJKeoer3e_5.mp4
BTL|BTB|JS,0,SJKeoer3e_6.mp4
JS,0,SJKeoer3e_7.mp4
C|BTB|JS,1,SJKeoer3e_8.mp4
L,0,SJKeoer3e_9.mp4
BTB|C|JS,0,SJN8Alg9g_1.mov
L,0,SJN8Alg9g_2.mov
D|JS,0,SJN8Alg9g_3.mov
,,SJN8Alg9g_4.mov
JS,0,SJN8Alg9g_5.mov
BTL|C|JS,1,SJN8Alg9g_6.mov
C|JS,1,SJN8Alg9g_7.mov
D|L,1,SJN8Alg9g_8.mov
JS,0,SJoHXfgql_1.mov
JS,0,SJoHXfgql_10.mov
BTL|JS,1,SJoHXfgql_11.mov
BTL|D|L,1,SJoHXfgql_12.mov
JS,0,SJoHXfgql_2.mov
BTL|JS,1,SJoHXfgql_3.mov
D|L,0,SJoHXfgql_4.mov
BTL|JS,0,SJoHXfgql_5.mov
JS,0,SJoHXfgql_6.mov
None,None,SJoHXfgql_7.mov
D|L,0,SJoHXfgql_8.mov
C|D|L,0,SJoHXfgql_9.mov
SM|C|SM|JS,1,SJPDakBnx_1.mp4
C|C|JS,1,SJPDakBnx_2.mp4
C|JS,1,SJPDakBnx_3.mp4
JS,0,SJPDakBnx_4.mp4
D|JS,1,SJPDakBnx_5.mp4
D|JS|JS|L,0,SJPDakBnx_6.mp4
,,SJPDakBnx_7.mp4
JS|SM|JS,0,SJPDakBnx_8.mp4
JS,0,SJPDakBnx_9.mp4
,,SJqSZ-xcg_1.mov
,,SJqSZ-xcg_10.mov
D|L,1,SJqSZ-xcg_11.mov
,,SJqSZ-xcg_2.mov
JS,0,SJqSZ-xcg_3.mov
JS,0,SJqSZ-xcg_4.mov
JS,0,SJqSZ-xcg_5.mov
D|JS,0,SJqSZ-xcg_6.mov
JS,0,SJqSZ-xcg_7.mov
D|JS,0,SJqSZ-xcg_8.mov
,,SJqSZ-xcg_9.mov
JS,0,SJRs4OGog_1.mov
JS,0,SJRs4OGog_2.mov
BTB|JS|L,0,SJRs4OGog_3.mov
D|L|L,0,SJRs4OGog_4.mov
JS,0,SJRs4OGog_5.mov
JS,0,SJRs4OGog_6.mov
JS,0,SJRs4OGog_7.mov
JS,0,SJRs4OGog_8.mov
JS,0,SJRs4OGog_9.mov
JS,0,SJs1Nzlqx_1.mov
BTL|BTL|JS,1,SJs1Nzlqx_2.mov
BTL|JS,1,SJs1Nzlqx_3.mov
JS,0,SJs1Nzlqx_4.mov
BTL|D|JS,1,SJs1Nzlqx_5.mov
JS,0,SJs1Nzlqx_6.mov
BTL|BTL|JS,0,SJs1Nzlqx_7.mov
BTTL|BTL|JS,0,SJs1Nzlqx_8.mov
BTL|BTL|BTL|JS,1,SJs1Nzlqx_9.mov
BTB|D|SM|JS,1,SJTkqbxqx_1.mov
C|D|L,0,SJTkqbxqx_2.mov
JS|BTL,0,SJTkqbxqx_3.mov
C|JS,0,SJTkqbxqx_4.mov
BTL|C|D|JS,1,SJTkqbxqx_5.mov
D|SM|L,0,SJTkqbxqx_6.mov
BTL|BTL|BTB|BTL|BTL|C|D|JS,1,SJVRjZx9e_1.mov
JS,0,SJVRjZx9e_2.mov
C,0,SJVRjZx9e_3.mov
JS,0,SJVRjZx9e_4.mov
BTL|BTL|JS,1,SJVRjZx9e_5.mov
BTL|C|D|JS,0,Sk0Ws4Fcg_1.mov
BTB|C|JS,0,Sk0Ws4Fcg_10.mov
JS,0,Sk0Ws4Fcg_11.mov
BTL|JS,0,Sk0Ws4Fcg_12.mov
BTL|C|JS,1,Sk0Ws4Fcg_13.mov
BTL|JS,1,Sk0Ws4Fcg_14.mov
C|BTL|D|L,1,Sk0Ws4Fcg_15.mov
JS,0,Sk0Ws4Fcg_16.mov
JS,0,Sk0Ws4Fcg_17.mov
BTL|BTL|C|JS,0,Sk0Ws4Fcg_18.mov
JS,1,Sk0Ws4Fcg_19.mov
BTL|BTL|BTB|C|D|L,1,Sk0Ws4Fcg_2.mov
BTL|JS,0,Sk0Ws4Fcg_3.mov
BTL|BTL|BTL|BTL|C|D|L,1,Sk0Ws4Fcg_4.mov
D|JS|JS,0,Sk0Ws4Fcg_5.mov
BTL|BTL|C|BTL|JS,1,Sk0Ws4Fcg_6.mov
JS|JS,0,Sk0Ws4Fcg_7.mov
BTL|BTL|BTB|C|D|HS,1,Sk0Ws4Fcg_8.mov
JS,0,Sk0Ws4Fcg_9.mov
BTB|D|SM|JS,0,Sk3bqWxcx_1.mov
L|L,0,Sk3bqWxcx_2.mov
JS,0,Sk3bqWxcx_3.mov
C|JS,0,Sk3bqWxcx_4.mov
C|D|JS,1,Sk3bqWxcx_5.mov
D|SM|L,0,Sk3bqWxcx_6.mov
SM|D|JS|L,0,Sk4R0JBng_1.mp4
JS,0,Sk4R0JBng_10.mp4
D|JS,0,Sk4R0JBng_2.mp4
C|JS,0,Sk4R0JBng_3.mp4
BTL|D|L,0,Sk4R0JBng_4.mp4
C|JS,1,Sk4R0JBng_5.mp4
C,0,Sk4R0JBng_6.mp4
D|JS,1,Sk4R0JBng_7.mp4
D|JS,0,Sk4R0JBng_8.mp4
BTL|BTL|D|JS,1,Sk4R0JBng_9.mp4
BTL|C|D|L,1,Sk8AWrK9g_1.mov
L,0,Sk8AWrK9g_2.mov
BTB,0,Sk8AWrK9g_3.mov
JS,0,Sk8AWrK9g_4.mov
D|L,0,Sk8AWrK9g_5.mov
BTL|C|BTB|D|L,1,Sk8Svlr3e_1.mp4
BTL|BTL|JS,0,Sk8Svlr3e_10.mp4
D|L,0,Sk8Svlr3e_11.mp4
JS,0,Sk8Svlr3e_12.mp4
BTL|JS,0,Sk8Svlr3e_13.mp4
 D|BTB|L,0,Sk8Svlr3e_14.mp4
BTL|BTL|JS,0,Sk8Svlr3e_15.mp4
D|L,0,Sk8Svlr3e_16.mp4
D|JS,0,Sk8Svlr3e_17.mp4
JS,0,Sk8Svlr3e_18.mp4
BTL,0,Sk8Svlr3e_19.mp4
BTL|JS,0,Sk8Svlr3e_2.mp4
C|JS,1,Sk8Svlr3e_20.mp4
BTL|BTL|BTL|JS,1,Sk8Svlr3e_21.mp4
D|C|L,0,Sk8Svlr3e_22.mp4
D|L,0,Sk8Svlr3e_3.mp4
JS,0,Sk8Svlr3e_4.mp4
SM|L,1,Sk8Svlr3e_5.mp4
BTL|C|L,0,Sk8Svlr3e_6.mp4
JS,0,Sk8Svlr3e_7.mp4
D|L,0,Sk8Svlr3e_8.mp4
BTL|BTB|JS,0,Sk8Svlr3e_9.mp4
JS,0,Sk96OGgqx_1.mov
C|SM|D|L,1,Sk96OGgqx_2.mov
D|L|L|L,0,Sk96OGgqx_3.mov
JS,0,SkchbMxqg_1.mov
JS,0,SkchbMxqg_2.mov
JS|JS,0,SkchbMxqg_3.mov
BTL|JS,0,SkchbMxqg_4.mov
JS,0,SkchbMxqg_5.mov
C|JS,0,SkfAcTf_e_1.mov
,0,SkfAcTf_e_10.mov
L,0,SkfAcTf_e_11.mov
JS,0,SkfAcTf_e_12.mov
D|L|JS,0,SkfAcTf_e_13.mov
BTL|C|JS,1,SkfAcTf_e_14.mov
None,None,SkfAcTf_e_15.mov
JS,0,SkfAcTf_e_16.mov
JS,0,SkfAcTf_e_2.mov
BTL|C|JS,0,SkfAcTf_e_3.mov
D|L,0,SkfAcTf_e_4.mov
BTL|JS,0,SkfAcTf_e_5.mov
BTL|BTL|BTL|JS,0,SkfAcTf_e_6.mov
D|L,1,SkfAcTf_e_7.mov
JS,0,SkfAcTf_e_8.mov
None,None,SkfAcTf_e_9.mov
JS,0,SkFPGxrnx_1.mp4
JS,0,SkFPGxrnx_10.mp4
D|L,0,SkFPGxrnx_2.mp4
None,None,SkFPGxrnx_3.mp4
,,SkFPGxrnx_4.mp4
,,SkFPGxrnx_5.mp4
JS,0,SkFPGxrnx_6.mp4
D|JS,0,SkFPGxrnx_7.mp4
JS,0,SkFPGxrnx_8.mp4
JS,0,SkFPGxrnx_9.mp4
JS,0,SkgIueHhx_1.mp4
BTL|C|JS,0,SkgIueHhx_2.mp4
BTL|BTB|JS,0,SkgIueHhx_3.mp4
JS,0,SkgIueHhx_4.mp4
L,0,SkgIueHhx_5.mp4
C|C|JS,0,SkgIueHhx_6.mp4
BTL|BTL|BTB|BTB|JS,1,SkgIueHhx_7.mp4
D|SM|JS,0,SkHI1zeql_1.mov
BTL|BTB|SM|JS,0,SkHI1zeql_2.mov
BTL|D|SM|JS,1,SkHI1zeql_3.mov
JS,0,SkLBbbxqe_1.mov
JS,0,SkLBbbxqe_2.mov
JS,0,SkLBbbxqe_3.mov
JS,0,SkLBbbxqe_4.mov
JS,0,SkLBbbxqe_5.mov
JS,1,SkLBbbxqe_6.mov
JS,0,SkLBbbxqe_7.mov
D|JS|L,0,SkLBbbxqe_8.mov
BTL|BTL|JS,1,SkLBbbxqe_9.mov
D|L|BTL,1,SklIQWeqx_1.mov
D|SM|JS,0,SklIQWeqx_2.mov
D|L,1,SklIQWeqx_3.mov
BTL|JS,0,SklIQWeqx_4.mov
D|JS,1,SklIQWeqx_5.mov
,,SklIQWeqx_6.mov
SM|L,0,SklIQWeqx_7.mov
JS,0,SklIQWeqx_8.mov
D|JS,1,SklIQWeqx_9.mov
JS,0,SklsJze9g_1.mov
JS,0,SklsJze9g_2.mov
JS,0,SklsJze9g_3.mov
JS,0,SklsJze9g_4.mov
JS,0,SklsJze9g_5.mov
None,None,SklsJze9g_6.mov
BTL|BTL|JS,0,SklsJze9g_7.mov
BTB|JS,0,SknUqKMjl_1.mov
JS,0,SknUqKMjl_10.mov
JS,0,SknUqKMjl_11.mov
JS,0,SknUqKMjl_12.mov
BTL|JS,1,SknUqKMjl_13.mov
BTL|C|C|JS,1,SknUqKMjl_14.mov
BTL|BTB|C|BTL|JS,1,SknUqKMjl_15.mov
JS,0,SknUqKMjl_16.mov
C|D|JS|JS,1,SknUqKMjl_17.mov
JS,0,SknUqKMjl_18.mov
JS,0,SknUqKMjl_19.mov
JS,0,SknUqKMjl_2.mov
C|JS,0,SknUqKMjl_20.mov
BTB|L,0,SknUqKMjl_21.mov
BTL|C|JS,0,SknUqKMjl_22.mov
JS,0,SknUqKMjl_3.mov
BTL|JS,0,SknUqKMjl_4.mov
JS,0,SknUqKMjl_5.mov
BTL|JS,0,SknUqKMjl_6.mov
BTL|BTB|JS,0,SknUqKMjl_7.mov
BTL|JS,0,SknUqKMjl_8.mov
JS|D|L,0,SknUqKMjl_9.mov
BTL|BTL|BTB|JS,0,SktDLZxqx_1.mov
BTL|C|JS,0,SktDLZxqx_2.mov
BTL|D|JS|JS,1,SktDLZxqx_3.mov
BTL|BTB|BTL|JS,0,SktDLZxqx_4.mov
BTL|C|D|JS|JS,1,SktDLZxqx_5.mov
BTL|C|D|JS,1,SktDLZxqx_6.mov
BTL|BTL|BTL|D|L|HS,1,SktDLZxqx_7.mov
BTL|JS,0,SktDLZxqx_8.mov
JS,0,SkX38Glql_1.mov
D|JS,0,SkX38Glql_2.mov
BTL,0,SkX38Glql_3.mov
,,SkX38Glql_4.mov
D|L,0,SkX38Glql_5.mov
JS,0,SkX38Glql_6.mov
JS,0,SkX38Glql_7.mov
D|JS,0,SkX38Glql_8.mov
C|JS,0,SkZ64HF5g_1.mov
D|L,0,SkZ64HF5g_10.mov
D|L,0,SkZ64HF5g_11.mov
JS,0,SkZ64HF5g_12.mov
D|L,0,SkZ64HF5g_13.mov
JS,0,SkZ64HF5g_14.mov
D|L,1,SkZ64HF5g_15.mov
BTL|D|L,1,SkZ64HF5g_16.mov
JS,0,SkZ64HF5g_17.mov
JS,0,SkZ64HF5g_18.mov
C|JS,0,SkZ64HF5g_19.mov
BTL|C|L,0,SkZ64HF5g_2.mov
JS,0,SkZ64HF5g_20.mov
,,SkZ64HF5g_21.mov
JS,0,SkZ64HF5g_22.mov
BTL|BTL|BTL|BTL|D|L,1,SkZ64HF5g_23.mov
,,SkZ64HF5g_24.mov
,,SkZ64HF5g_25.mov
,,SkZ64HF5g_26.mov
,,SkZ64HF5g_27.mov
D|L,0,SkZ64HF5g_28.mov
BTL|C|D|L,1,SkZ64HF5g_29.mov
NONE,NONE,SkZ64HF5g_3.mov
D|JS,0,SkZ64HF5g_30.mov
JS,0,SkZ64HF5g_4.mov
,,SkZ64HF5g_5.mov
,,SkZ64HF5g_6.mov
BTL|BTL|BTL|C|BTB|L|JS,1,SkZ64HF5g_7.mov
BTL|C|D,0,SkZ64HF5g_8.mov
JS,0,SkZ64HF5g_9.mov
SM|BTL|JS,0,Sk_GiZxqg_1.mov
JS,0,Sk_GiZxqg_10.mov
D|L,0,Sk_GiZxqg_11.mov
D|JS,0,Sk_GiZxqg_2.mov
JS,0,Sk_GiZxqg_3.mov
JS,0,Sk_GiZxqg_4.mov
BTL|BTL|BTL|D|SM|L,1,Sk_GiZxqg_5.mov
JS,0,Sk_GiZxqg_6.mov
BTL|D|JS,0,Sk_GiZxqg_7.mov
D|JS,0,Sk_GiZxqg_8.mov
BTB|BTL|JS,0,Sk_GiZxqg_9.mov
BTB|C|D|L,1,Sk_QzrK9e_1.mov
BTL|BTB|JS,0,Sk_QzrK9e_10.mov
HS,0,Sk_QzrK9e_11.mov
D|JS,0,Sk_QzrK9e_12.mov
JS,0,Sk_QzrK9e_13.mov
D|JS|JS,0,Sk_QzrK9e_14.mov
D|C|L,0,Sk_QzrK9e_15.mov
D|C|L,0,Sk_QzrK9e_16.mov
JS,0,Sk_QzrK9e_17.mov
,,Sk_QzrK9e_18.mov
SM|L,0,Sk_QzrK9e_19.mov
BTL|JS,0,Sk_QzrK9e_2.mov
D|L,0,Sk_QzrK9e_20.mov
JS,0,Sk_QzrK9e_21.mov
JS,0,Sk_QzrK9e_22.mov
JS,0,Sk_QzrK9e_23.mov
JS,0,Sk_QzrK9e_24.mov
BTL|JS,0,Sk_QzrK9e_25.mov
D|L|JS,0,Sk_QzrK9e_26.mov
JS,0,Sk_QzrK9e_27.mov
D|JS|D|JS,0,Sk_QzrK9e_28.mov
JS,0,Sk_QzrK9e_29.mov
D|L,0,Sk_QzrK9e_3.mov
D|JS,0,Sk_QzrK9e_30.mov
C|JS,0,Sk_QzrK9e_31.mov
JS,0,Sk_QzrK9e_32.mov
JS,0,Sk_QzrK9e_33.mov
JS,0,Sk_QzrK9e_34.mov
C|D|L,0,Sk_QzrK9e_35.mov
D|JS|D|JS,0,Sk_QzrK9e_4.mov
D|L,0,Sk_QzrK9e_5.mov
C|BTB|JS,0,Sk_QzrK9e_6.mov
BTL|C|D|L,1,Sk_QzrK9e_7.mov
BTL|BTL|C|JS,0,Sk_QzrK9e_8.mov
JS,0,Sk_QzrK9e_9.mov
JS,0,Sy0Mr_Gol_1.mov
C|C|JS,0,Sy0Mr_Gol_10.mov
JS|JS,0,Sy0Mr_Gol_11.mov
JS,0,Sy0Mr_Gol_12.mov
D|JS|D|L|JS,0,Sy0Mr_Gol_13.mov
JS,0,Sy0Mr_Gol_14.mov
JS,0,Sy0Mr_Gol_15.mov
D|JS,0,Sy0Mr_Gol_16.mov
JS,0,Sy0Mr_Gol_17.mov
JS,0,Sy0Mr_Gol_18.mov
JS,0,Sy0Mr_Gol_19.mov
BTL|JS,0,Sy0Mr_Gol_2.mov
JS,0,Sy0Mr_Gol_20.mov
JS,0,Sy0Mr_Gol_21.mov
JS,0,Sy0Mr_Gol_3.mov
HS,0,Sy0Mr_Gol_4.mov
BTB|BTL|C|D|L,1,Sy0Mr_Gol_5.mov
JS,0,Sy0Mr_Gol_6.mov
JS,0,Sy0Mr_Gol_7.mov
JS,0,Sy0Mr_Gol_8.mov
JS,0,Sy0Mr_Gol_9.mov
C|SM|D|JS,1,Sy3pwMlcx_1.mov
D|L,0,Sy3pwMlcx_10.mov
BTL|BTL|JS,0,Sy3pwMlcx_11.mov
D|JS,0,Sy3pwMlcx_12.mov
BTL|JS,0,Sy3pwMlcx_2.mov
,,Sy3pwMlcx_3.mov
BTL|BTL|BTB|JS,0,Sy3pwMlcx_4.mov
BTL|BTL|BTL|BTB|C|D|JS,1,Sy3pwMlcx_5.mov
D|L,0,Sy3pwMlcx_6.mov
JS,0,Sy3pwMlcx_7.mov
JS,0,Sy3pwMlcx_8.mov
JS,0,Sy3pwMlcx_9.mov
JS,0,Sy48Qze9l_1.mov
JS,0,Sy48Qze9l_10.mov
BTL|JS,0,Sy48Qze9l_11.mov
BTL|D|JS,0,Sy48Qze9l_12.mov
JS,0,Sy48Qze9l_2.mov
BTL|JS,1,Sy48Qze9l_3.mov
JS,0,Sy48Qze9l_4.mov
JS,0,Sy48Qze9l_5.mov
JS,0,Sy48Qze9l_6.mov
,,Sy48Qze9l_7.mov
HS,0,Sy48Qze9l_8.mov
HS,0,Sy48Qze9l_9.mov
JS,0,SyDdggB3g_1.mp4
D|JS,0,SyDdggB3g_10.mp4
JS,0,SyDdggB3g_11.mp4
SM|JS,0,SyDdggB3g_12.mp4
JS,0,SyDdggB3g_13.mp4
JS,0,SyDdggB3g_14.mp4
 JS,0,SyDdggB3g_15.mp4
C|L,0,SyDdggB3g_16.mp4
JS,0,SyDdggB3g_17.mp4
BTL|BTL|BTL|C|D,1,SyDdggB3g_2.mp4
BTL|C|D|L,1,SyDdggB3g_3.mp4
C|BTL|D|JS,1,SyDdggB3g_4.mp4
BTL|BTB|BTB|BTB|D|L,0,SyDdggB3g_5.mp4
,,SyDdggB3g_6.mp4
,,SyDdggB3g_7.mp4
BTL|D|JS,0,SyDdggB3g_8.mp4
JS|JS,0,SyDdggB3g_9.mp4
JS|JS,0,Syh4WeS2x_1.mp4
JS,0,Syh4WeS2x_2.mp4
JS,0,Syh4WeS2x_3.mp4
BTL|JS,0,SyIaySYce_1.mov
,,SyIaySYce_10.mov
,,SyIaySYce_11.mov
HS|L,0,SyIaySYce_12.mov
D|JS|JS,0,SyIaySYce_13.mov
D|L,0,SyIaySYce_14.mov
JS,0,SyIaySYce_15.mov
D|L,0,SyIaySYce_16.mov
D|L,0,SyIaySYce_2.mov
D|L,0,SyIaySYce_3.mov
BTL|C|C|JS,0,SyIaySYce_4.mov
BTL|BTB|D|JS,0,SyIaySYce_5.mov
D|L,0,SyIaySYce_6.mov
JS,0,SyIaySYce_7.mov
D|JS,0,SyIaySYce_8.mov
,,SyIaySYce_9.mov
JS,0,SylmKLfie_1.mov
JS,0,SylmKLfie_2.mov
JS,0,SylmKLfie_3.mov
JS,0,SylmKLfie_4.mov
D|L,0,SylmKLfie_5.mov
C|D|L,0,SylmKLfie_6.mov
D|JS,0,SylmKLfie_7.mov
JS|L,0,SylmKLfie_8.mov
C|C,0,SymRCeece_1.mov
JS,0,SymRCeece_2.mov
JS,0,SymRCeece_3.mov
D|L,0,SymRCeece_4.mov
D|JS,0,SymRCeece_5.mov
D|C|JS,0,SymRCeece_6.mov
C|D|L,1,SymRCeece_7.mov
JS,0,SymRCeece_8.mov
BTB|JS,0,SymRCeece_9.mov
BTB|BTL|BTL|D|L,1,SyRbbFzsl_1.mov
JS,0,SyRbbFzsl_2.mov
C|D|L,0,SyRbbFzsl_3.mov
JS,0,SyRbbFzsl_4.mov
D|JS,0,SyRbbFzsl_5.mov
BTB|BTL|BTL|BTB|BTL|BTB|BTB|D|JS,1,SyRbbFzsl_6.mov
C|JS,0,SyRbbFzsl_7.mov
D|L|JS,0,SyRbbFzsl_8.mov
BTL|BTB|C|D|L,1,SyRbbFzsl_9.mov
D|JS,0,SyTEhKGsx_1.mov
JS,0,SyTEhKGsx_10.mov
JS,0,SyTEhKGsx_11.mov
D|L,0,SyTEhKGsx_2.mov
C|JS,0,SyTEhKGsx_3.mov
D|JS,0,SyTEhKGsx_4.mov
D|SM|JS,0,SyTEhKGsx_5.mov
D|JS,0,SyTEhKGsx_6.mov
BTL|JS,0,SyTEhKGsx_7.mov
C|JS,0,SyTEhKGsx_8.mov
BTL|JS,0,SyTEhKGsx_9.mov
